file_id,talker_id,f1,f2
m01ae,m01,660.1286010862758,1972.39573052865
m02ae,m02,640.9053469994925,1802.3780840629208
m03ae,m03,609.9361775648982,1780.819994007253
m04ae,m04,630.5511058699653,1925.831367974869
m06ae,m06,654.6014321459369,1846.1400903849365
m07ae,m07,593.915817042922,1974.129826756917
m08ae,m08,608.1911238766269,1850.155659545141
m09ae,m09,562.3932401818488,1863.308987989976
m10ae,m10,547.1996307037365,1991.5510813597327
m11ae,m11,664.1913740251373,1870.7832651030276
m13ae,m13,689.1716229976083,1791.5421098940933
m14ae,m14,562.7638649644716,1979.509238555876
m16ae,m16,547.5952355179978,1785.5197539418932
m17ae,m17,685.4404981161102,1538.3668268615354
m18ae,m18,528.7413635369829,1913.6045824976384
m19ae,m19,601.6889278457493,1916.741250709088
m20ae,m20,549.3506192238215,1820.3124853159504
m21ae,m21,556.4472532890742,1829.396649904828
m22ae,m22,631.3551310761779,2003.650257204547
m23ae,m23,589.1552391784998,2004.5142297604905
m24ae,m24,601.2951867283919,1565.0425199094473
m25ae,m25,546.6574709916001,1802.0556281845809
m26ae,m26,561.8549604785741,1886.4266875274188
m27ae,m27,599.5543257863858,1975.9320619494997
m28ae,m28,662.2089884325412,1928.9737439609364
m29ae,m29,579.6862687280118,2012.7472144714984
m30ae,m30,569.4214971298152,1827.9045387590245
m31ae,m31,605.2777237903264,1949.3957791771063
m32ae,m32,628.0862562717465,1932.560451825844
m33ae,m33,559.7308771338845,1952.204892182935
m34ae,m34,543.1672576034593,1814.6689554809325
m35ae,m35,638.8443203434882,1698.638978488925
m36ae,m36,585.3709193739201,1829.906896852646
m37ae,m37,608.3575219448122,1742.2763664728902
m38ae,m38,565.9000849286864,2079.183858338437
m39ae,m39,600.5795166692521,2022.419477679293
m40ae,m40,608.9823716924371,1915.2899173346057
m41ae,m41,574.782145972445,1767.0237056578017
m42ae,m42,612.6047888478588,1869.387006847204
m44ae,m44,590.7429915010134,1888.694081720388
m45ae,m45,642.0083487540412,2359.4973737146656
m47ae,m47,524.8197708945496,1768.035760063402
m48ae,m48,594.2459222328301,1839.5038925009192
m49ae,m49,615.8770296196724,1951.145915003813
m50ae,m50,573.2901024391256,2026.285932321293
w01ae,w01,685.3063169809583,2136.9730341708946
w02ae,w02,649.602685861118,2453.833596353977
w03ae,w03,704.7223039270285,2395.725887610499
w04ae,w04,768.1801571126732,2094.90360716188
w05ae,w05,616.8233095346294,1205.328337195701
w06ae,w06,647.8682999608301,2241.761021879872
w07ae,w07,716.2687339577716,2247.006190799603
w08ae,w08,648.624229290801,2503.0789116455267
w09ae,w09,690.0450879032401,1317.2672750074048
w10ae,w10,621.3262172193732,2236.407628259943
w11ae,w11,857.4004992319177,1775.564602651439
w12ae,w12,686.2537092745239,2452.830962241236
w13ae,w13,657.7706943941222,2260.6405818989256
w14ae,w14,736.7816323407101,2372.161474190344
w15ae,w15,633.8182015292625,2256.5367347040783
w16ae,w16,704.1533816450956,2450.185908265864
w17ae,w17,669.1184384739972,2152.872668505209
w19ae,w19,718.4323779011637,1956.4635357241536
w20ae,w20,635.904626567312,2327.0054136462427
w21ae,w21,632.6457660483168,2089.830402854692
w22ae,w22,601.3618610951493,2407.325524966791
w23ae,w23,686.5642905051599,2289.826151465843
w24ae,w24,741.7915334055313,2259.815101516592
w25ae,w25,681.4960323445075,1098.9317089451129
w26ae,w26,752.289153752121,1944.241853833652
w27ae,w27,742.0729402765256,2395.9820315878424
w28ae,w28,660.3486736199468,2248.8938718385184
w29ae,w29,702.2059355852888,1611.4006255542306
w30ae,w30,737.8747419915097,2360.8002930431485
w31ae,w31,690.0572291897051,2135.8558789877065
w32ae,w32,656.4831822465128,2227.46774100838
w33ae,w33,717.8011834474983,1486.4656646066103
w34ae,w34,610.9347425046856,2553.4090490534186
w35ae,w35,679.5110997480792,2321.791625249149
w36ae,w36,748.7663963751198,2370.946770325153
w37ae,w37,854.0676019329813,1701.5643486706542
w38ae,w38,674.7044442506397,2254.812728798338
w39ae,w39,589.6208591878606,2374.295471054302
w40ae,w40,714.5144596116967,2350.486764459064
w41ae,w41,637.6106542756627,2611.713905241266
w42ae,w42,564.3526699273748,2024.182941180907
w44ae,w44,690.1660878678846,2190.239532490497
w45ae,w45,672.1781841541837,2119.938353170592
w46ae,w46,650.2998339633306,2184.5306940052646
w47ae,w47,837.2583528828377,2053.6026657554576
w48ae,w48,627.1838671865552,2269.5601453508043
w49ae,w49,736.6108627043415,2362.440089249279
w50ae,w50,756.1934255772018,2170.9756240156016
b01ae,b01,637.2113558502765,2461.4797344862227
b02ae,b02,825.5127306215932,2489.8228913709218
b03ae,b03,619.4831934495122,2771.826540674128
b04ae,b04,706.2443044935138,2669.4278056919907
b05ae,b05,717.2955168053103,2654.874592520655
b07ae,b07,779.3161917719442,2229.4673729883666
b08ae,b08,841.8775054477029,2523.7260378924125
b09ae,b09,682.4031562453279,2630.001502678745
b10ae,b10,668.2086995012796,2624.802432701767
b11ae,b11,653.6991134264827,2563.3145358564875
b12ae,b12,726.4675391883917,2532.809672583536
b13ae,b13,727.898566055263,2621.2234662311184
b14ae,b14,685.8553856047927,2561.88218798434
b15ae,b15,604.3310671932867,2640.318333290233
b16ae,b16,752.9630384306802,2258.020779287193
b17ae,b17,712.1851473361567,2347.1725725929064
b18ae,b18,725.8559812716123,2472.599528681158
b19ae,b19,715.8403825196343,2718.042284329627
b21ae,b21,757.7251374697336,2428.380157270539
b22ae,b22,664.7776683209524,2542.798554043909
b23ae,b23,789.3726085076825,2648.510819966738
b24ae,b24,549.3050595401292,2706.4160046776124
b25ae,b25,633.9751714736527,2471.465966076168
b26ae,b26,635.8725154506676,2575.45621850596
b27ae,b27,647.8396945734377,2582.079597194813
b28ae,b28,675.3099230299607,2467.698381314057
b29ae,b29,821.8986292715994,2451.577535422284
g01ae,g01,722.3714566981173,2424.94655498166
g02ae,g02,695.534608582764,2876.3737412617343
g04ae,g04,912.5077776326748,2513.46320467149
g05ae,g05,673.854435877728,2635.4345829696017
g06ae,g06,776.417226434858,2422.85560494095
g07ae,g07,702.3752956083844,2375.9101728787955
g08ae,g08,685.7171363778214,2801.268771459519
g09ae,g09,760.3667083420313,2370.0293427657302
g10ae,g10,921.1559949404008,2610.536608329948
g11ae,g11,689.5224545521415,2453.9602609335143
g12ae,g12,763.0346588826923,2552.4151280793394
g13ae,g13,749.2831405336792,2519.255976030081
g14ae,g14,711.827948372346,2365.734526082844
g15ae,g15,902.2098328340596,2566.4255033435825
g17ae,g17,722.7483263138892,2484.536162399077
g18ae,g18,591.3926663317807,2644.7634969619694
g19ae,g19,713.4316291683741,2720.29310409592
g20ae,g20,754.0572996369912,2718.7633213365
g21ae,g21,649.4724556070387,2859.6388482044435
m01ah,m01,780.5715128519798,1277.2770490018113
m02ah,m02,761.7970298505384,1168.142753231193
m03ah,m03,741.5081566692292,1142.524934871782
m04ah,m04,815.8263849902207,1221.025638153107
m06ah,m06,871.2165532570896,1269.8592704417565
m07ah,m07,748.616537772294,1311.0534463140837
m08ah,m08,742.9078326222342,1309.8873176808218
m09ah,m09,754.6452795134334,1425.470276330643
m10ah,m10,787.0076247921547,1278.4820926774153
m11ah,m11,808.9039891542639,1409.980655592418
m13ah,m13,810.2743302353831,1435.3782155985837
m14ah,m14,733.7110571166194,1333.4801804056085
m16ah,m16,669.8065007108584,1219.1404350066218
m17ah,m17,661.3943040471503,1034.1850507738225
m18ah,m18,713.7195717009542,1275.7958894843605
m19ah,m19,790.9469768263292,1353.7414660528457
m20ah,m20,746.6628403916825,1499.3382246000087
m21ah,m21,776.93507445633,1387.0746128054466
m22ah,m22,803.1466948077943,1394.0757875398854
m23ah,m23,793.5729702939509,1326.1416002668009
m24ah,m24,800.6851995449033,1262.683874379204
m25ah,m25,677.7448332853008,1236.7207938661636
m26ah,m26,702.1509679333076,1370.10329837863
m27ah,m27,722.1593947617913,1398.830828537528
m28ah,m28,785.9358316019378,1148.9140553437185
m29ah,m29,831.5289021359043,1425.5326604608722
m30ah,m30,681.0280399712177,1332.0162178322578
m31ah,m31,711.036442787526,1434.4947860055777
m32ah,m32,722.0391859921141,1290.6188856414192
m33ah,m33,814.4454514879669,1379.1890440859345
m34ah,m34,707.9402654514746,1354.091423605901
m35ah,m35,743.7427811649197,1279.7727740702285
m36ah,m36,731.013806595503,1395.7880978473502
m37ah,m37,708.813027741515,1344.7045102903269
m38ah,m38,691.9026800245489,1306.9765968891109
m39ah,m39,914.8463492389526,1401.1981112558287
m40ah,m40,744.5099634272699,1361.1552335951474
m41ah,m41,704.526194908502,1343.0276993093971
m42ah,m42,812.9074203497589,1322.535192946902
m44ah,m44,804.4175775850598,1321.588748484954
m45ah,m45,846.2889217740966,1288.6255790209636
m47ah,m47,672.1910114997838,1203.7777800680572
m48ah,m48,692.0748216163176,1326.651210995787
m49ah,m49,790.3721370451975,1315.2907841858157
m50ah,m50,693.2113558237517,1454.683415149642
w01ah,w01,968.3372592982304,1422.794450034864
w02ah,w02,902.8253840692512,1703.277498180344
w03ah,w03,1007.8203392856856,1597.4428519184758
w04ah,w04,815.9683611308579,1494.5268595946002
w05ah,w05,911.2277445376844,1456.440607403171
w06ah,w06,818.4701131531821,1437.139774451285
w07ah,w07,904.7471654197668,1222.0412100887463
w08ah,w08,848.957380369367,1721.6055526511177
w09ah,w09,919.4837255347632,1493.9756477849303
w10ah,w10,866.3611828519225,1525.7437669600974
w11ah,w11,905.5112889803836,1454.4355100381645
w12ah,w12,919.638044946139,1698.803468138646
w13ah,w13,903.2694098699866,1535.25946930579
w14ah,w14,909.4043011349496,1516.5644756411575
w15ah,w15,921.9552665499576,1620.9586273530929
w16ah,w16,997.444480145694,1735.645840409648
w17ah,w17,934.777350413859,1641.4812014167906
w19ah,w19,930.7855693356458,1654.6709072183164
w20ah,w20,802.2546417563516,1342.2838338903418
w21ah,w21,773.234970801249,1478.0283610577987
w22ah,w22,985.8457297641648,1495.646646443233
w23ah,w23,913.0290291462838,1570.4375675980673
w24ah,w24,1048.6029204411475,1686.4414473710526
w25ah,w25,926.2365945436818,1323.996891942738
w26ah,w26,822.2772869424006,1419.7669203813546
w27ah,w27,886.9357912043686,1754.3191830751955
w28ah,w28,888.9896286952338,1586.8079100201453
w29ah,w29,936.4591781782804,1453.7550347598958
w30ah,w30,952.8288602310791,1629.9778756556827
w31ah,w31,878.3217481665794,1608.3851030466308
w32ah,w32,706.6227589994462,1374.008678153552
w33ah,w33,961.5905107758632,1231.4642453415304
w34ah,w34,965.6464973343992,1583.0428461057709
w35ah,w35,994.2563710531788,1514.4596947633515
w36ah,w36,938.0180470908784,1640.8472992820778
w37ah,w37,829.6588910516688,1329.2749856658622
w38ah,w38,977.3979013339876,1670.4081409837654
w39ah,w39,934.834850213692,1400.3923579489592
w40ah,w40,802.8097352978513,1426.800867165568
w41ah,w41,913.7680006325916,1564.8122997457465
w42ah,w42,876.7535950677734,1582.3138297355936
w44ah,w44,926.712596974724,1539.8121805316066
w45ah,w45,924.4264926048824,1430.1652835333362
w46ah,w46,942.7504583928086,1539.1013449959823
w47ah,w47,964.4273902180496,1542.4617383793225
w48ah,w48,812.2610738230023,1504.598789701486
w49ah,w49,983.7138696437944,1163.52586016286
w50ah,w50,876.9581058876929,1427.3784860991211
b01ah,b01,953.5278602027672,1759.7411533513737
b02ah,b02,1042.1296409467304,1707.2960535323502
b03ah,b03,1225.4721866835575,1830.4596680041875
b04ah,b04,1051.6429086367905,2043.686270490619
b05ah,b05,1066.888585000301,1991.7308855955496
b07ah,b07,968.0848349745404,1706.6823111895314
b08ah,b08,1013.1801775975672,2369.674300840478
b09ah,b09,990.36494014993,1591.4280787165994
b10ah,b10,1183.054828925276,1898.656391068815
b11ah,b11,901.7185248931124,1666.064491569985
b12ah,b12,983.8536592274132,1886.256899098656
b13ah,b13,1045.7760619514786,1765.210279906743
b14ah,b14,997.0068948353334,1571.6889096270706
b15ah,b15,881.1519731147469,1979.4546444653504
b16ah,b16,898.1004745181691,1684.000939328164
b17ah,b17,978.2000775740494,1642.3786229862176
b18ah,b18,1079.0003580431253,1759.8974521490522
b19ah,b19,959.0206942757156,2051.0554141124253
b21ah,b21,1151.3126099606172,2083.813674387697
b22ah,b22,1208.7606794373223,1831.2913837938236
b23ah,b23,1133.9976135141026,1691.522818052279
b24ah,b24,1122.8308759984288,1571.24105499204
b25ah,b25,921.7542077107246,2188.434366296606
b26ah,b26,813.5632923093624,1491.4651973936964
b27ah,b27,1293.0962123607935,1794.3067062446198
b28ah,b28,1089.2717422401877,2142.081862116433
b29ah,b29,1112.8248500021664,2178.44890367885
g01ah,g01,1099.0354003597215,1946.343223285185
g02ah,g02,1070.4800409837355,1868.1082913326168
g04ah,g04,997.8393329687016,1755.8321633277358
g05ah,g05,984.2762946009154,1862.9894084588984
g06ah,g06,1035.992267494548,1541.9646921845529
g07ah,g07,868.2070719725202,1830.5258037865813
g08ah,g08,942.4226624998064,1864.3044194141944
g09ah,g09,1168.7404206305712,1698.6224875099963
g10ah,g10,957.8113181407396,1854.4679482874265
g11ah,g11,1117.26259344535,1540.0970782836157
g12ah,g12,1031.3108154211093,1835.8958841493209
g13ah,g13,921.5909920009856,1772.7751700675324
g14ah,g14,927.4903827964736,1434.4509023723983
g15ah,g15,1547.9806130808483,1879.0020885495428
g17ah,g17,1072.0468845187477,1739.6597984253194
g18ah,g18,927.7322862744072,1879.6637061210347
g19ah,g19,1062.1750180894226,2083.5098027686386
g20ah,g20,979.1833895336264,1490.6778794183783
g21ah,g21,948.7238117619372,1553.916056662552
m01aw,m01,674.177327474255,1020.6490290812154
m02aw,m02,629.8695907629082,898.0637981219959
m03aw,m03,651.9845142768332,949.6868638522592
m04aw,m04,669.2672113978908,979.2643924189762
m06aw,m06,783.4081198216319,964.8559234288152
m07aw,m07,650.431237784899,973.3364314879524
m08aw,m08,650.1300082503749,1072.62868658557
m09aw,m09,619.6073415416057,1067.491786850861
m10aw,m10,647.1857886800184,962.8250129982872
m11aw,m11,703.7016267884025,1125.6410708826295
m13aw,m13,651.0880442923414,1017.6612855595567
m14aw,m14,657.3001366071452,1037.1921355047375
m16aw,m16,632.8672602277277,1086.976898727865
m17aw,m17,633.7342342892166,973.9893695387572
m18aw,m18,650.9823961628052,988.3716768986808
m19aw,m19,652.6243748807722,1033.310279242185
m20aw,m20,692.2838608570092,1100.5209714515754
m21aw,m21,642.2767405911874,1049.196824321626
m22aw,m22,703.110577739168,1152.1795411403807
m23aw,m23,676.0164025694411,1004.0982875593274
m24aw,m24,688.8639124102642,1103.7409559035066
m25aw,m25,602.9413183044752,962.5944426563988
m26aw,m26,648.2388295912915,1040.908924065925
m27aw,m27,667.1099096691069,1053.694514214954
m28aw,m28,646.9767748784072,1032.3468575213085
m29aw,m29,706.4776646208721,1076.1222389084555
m30aw,m30,618.6375768460435,1048.6601449855789
m31aw,m31,631.524474727499,1108.0234604167829
m32aw,m32,623.7449722662543,994.4454479868036
m33aw,m33,648.6184355421569,1054.1343272167903
m34aw,m34,615.9730929898387,1004.6077288904636
m35aw,m35,657.9550377951366,1069.544006777141
m36aw,m36,655.3202264115898,1079.0353846681714
m37aw,m37,603.0212626990493,991.273435920895
m38aw,m38,635.1635678555449,1098.8247778149423
m39aw,m39,657.8968220632984,952.2512894035966
m40aw,m40,628.0782265343812,1135.0508914585594
m41aw,m41,685.4995847972135,1086.4355622109626
m42aw,m42,662.374543411916,1005.2622834112472
m44aw,m44,680.0069533087483,1023.9611041022
m45aw,m45,699.5980080799051,1051.963433289219
m47aw,m47,598.2559809168795,1011.1293446680664
m48aw,m48,606.6407573090203,1072.8087829660883
m49aw,m49,646.9081117882805,945.6031725011486
m50aw,m50,671.5511952837201,1148.6428613162138
w01aw,w01,784.0857221877344,1190.999860573915
w02aw,w02,772.7149222784685,1273.5285633884946
w03aw,w03,775.7097986330002,1080.262834532586
w04aw,w04,779.5230324498344,1266.3401017666897
w05aw,w05,857.2637149803131,1320.5388318614034
w06aw,w06,799.9499201648488,1258.0468299771828
w07aw,w07,773.2641042917614,1118.7448029508903
w08aw,w08,838.0593894956787,1446.1966425741523
w09aw,w09,833.3346883622925,1110.6801433591563
w10aw,w10,780.7851398375087,1219.3710496286983
w11aw,w11,732.0944979489652,1121.1935269895569
w12aw,w12,819.4929118904328,1251.6214769252758
w13aw,w13,730.6838322588943,1201.356106186347
w14aw,w14,735.1989503820647,1116.9532991881265
w15aw,w15,765.9887891711834,1202.5514406474751
w16aw,w16,887.8183771074987,1242.5186936608236
w17aw,w17,783.0065250466381,1183.3694115907908
w19aw,w19,805.7638621341357,1189.762949661759
w20aw,w20,703.2215239612391,1135.734584796656
w21aw,w21,714.4288893194296,1179.3729866886156
w22aw,w22,741.1602915511256,1140.7657086978431
w23aw,w23,811.6282640416754,1281.2861236984995
w24aw,w24,904.9759742662968,1505.9233473335344
w25aw,w25,817.3814612667746,1308.0371198481903
w26aw,w26,675.746454623061,1078.9384296928797
w27aw,w27,833.514450079839,1233.487853696313
w28aw,w28,852.7816699672072,1499.645024307978
w29aw,w29,712.5213332792574,1050.7903741941386
w30aw,w30,866.0045363698322,1253.154512374341
w31aw,w31,781.4885994519773,1271.965194859299
w32aw,w32,750.3748297099578,1205.504316838448
w33aw,w33,909.0761920768466,1408.5582719683632
w34aw,w34,798.4521802034185,1166.5401005979163
w35aw,w35,788.2635615101163,1207.3753118436396
w36aw,w36,831.5217444909102,1226.571522415258
w37aw,w37,780.995886277636,1081.4738280609283
w38aw,w38,832.0688967594465,1260.9789336218864
w39aw,w39,756.583438141794,1106.6429524223363
w40aw,w40,708.6328062681719,1045.2882388194162
w41aw,w41,795.555006582512,1034.4013020825662
w42aw,w42,842.5170375248719,1254.1700528482772
w44aw,w44,761.1418751787977,1087.2591308412143
w45aw,w45,792.94447907417,1103.1088036995552
w46aw,w46,806.3627250207635,1173.5337463605872
w47aw,w47,776.994021362819,1138.2203540692265
w48aw,w48,730.4127496643056,1159.296804161135
w49aw,w49,674.0536701150654,1058.3423606560382
w50aw,w50,892.7487711912082,1138.470128192646
b01aw,b01,873.4963858711944,1557.1461533303018
b02aw,b02,833.9479182798676,1301.3902045151744
b03aw,b03,1012.495534960538,1879.418965900077
b04aw,b04,922.2937297888408,1471.2545289681275
b05aw,b05,864.1348146320097,1935.2991532051683
b07aw,b07,963.2800888612742,1431.0236283960655
b08aw,b08,876.4694375836524,2882.5516041155474
b09aw,b09,974.3327345759964,1311.8705302130943
b10aw,b10,749.5651529750706,1331.203276373032
b11aw,b11,915.2982031475494,1711.8327092042853
b12aw,b12,953.1855468656488,1922.3147762226797
b13aw,b13,912.3696761137496,2662.1512085219806
b14aw,b14,932.1046767814502,1291.6009642496574
b15aw,b15,809.1722016271676,1359.458449649284
b16aw,b16,767.3906265237848,1599.112080535812
b17aw,b17,886.4475999488262,1277.6835621323166
b18aw,b18,1002.494353469285,1845.00734942188
b19aw,b19,968.2412013378035,1936.7629263569224
b21aw,b21,903.1256833610156,2579.301635078588
b22aw,b22,816.2825805936864,1949.0553050381504
b23aw,b23,1025.0479202799224,1115.8197679579694
b24aw,b24,890.3335628337991,1956.3146654585328
b25aw,b25,806.179663090951,1382.460682362121
b26aw,b26,711.3183336490633,1303.838640936305
b27aw,b27,835.9485010527527,1292.9677531139575
b28aw,b28,778.8567129615789,1716.5407912838257
b29aw,b29,982.4127112111364,1729.630810030207
g01aw,g01,944.0190718505568,1431.2527271816698
g02aw,g02,833.0781439755262,1472.1134901902717
g04aw,g04,982.673998512348,1446.2507912934484
g05aw,g05,1012.1163444343522,1710.916762398258
g06aw,g06,1045.8530528555796,1219.9299606442016
g07aw,g07,787.957154363981,1473.817182772715
g08aw,g08,855.4402912828239,1455.0692122192677
g09aw,g09,984.1867004451412,1470.094940733866
g10aw,g10,880.552217246864,1508.0728354694402
g11aw,g11,1003.9413755466768,1434.611795838617
g12aw,g12,968.8110924147824,1670.5115550913688
g13aw,g13,839.5840652686214,1350.6738109867208
g14aw,g14,934.885157216238,1154.4029017694388
g15aw,g15,1146.4594293579355,3236.038340828747
g17aw,g17,901.832598930315,1504.478225357498
g18aw,g18,892.6575008579225,1320.5043227963129
g19aw,g19,875.8126810230668,1290.747905689864
g20aw,g20,957.7357797995572,1236.5195698648713
g21aw,g21,819.237928892847,1403.0652711596804
m01eh,m01,609.4882880223074,1911.6354024144184
m02eh,m02,539.6875220967868,1874.2806916940715
m03eh,m03,554.0304630884392,1705.4364160485172
m04eh,m04,681.2210945054344,1589.7644488248852
m06eh,m06,560.2517952909492,1812.243096071875
m07eh,m07,577.2045622658172,1894.1243334286532
m08eh,m08,607.1236840074865,1755.286737323892
m09eh,m09,574.4117915900235,1727.3915132105865
m10eh,m10,609.1299425921983,1745.6766141602825
m11eh,m11,587.0889908414953,1718.8824149239974
m13eh,m13,599.4119077803088,1841.2109521480636
m14eh,m14,588.4696145095724,1818.338933750588
m16eh,m16,542.7624121830404,1716.3402349792689
m17eh,m17,540.8607174593013,1780.4453278774
m18eh,m18,618.265453292641,1832.18936540301
m19eh,m19,572.9375248472576,1826.017612490621
m20eh,m20,600.461072913659,1759.6761746978316
m21eh,m21,588.4335086886765,1613.3397399120963
m22eh,m22,635.8305206474853,1786.0692379056943
m23eh,m23,631.5191796470488,1784.989558442747
m24eh,m24,619.5637662549902,1863.1249521952748
m25eh,m25,561.1343400532113,1730.637945840397
m26eh,m26,612.5334876244082,1673.2428477082494
m27eh,m27,641.5583533790156,1860.3398446276212
m28eh,m28,660.8073554345585,1865.3467062085504
m29eh,m29,612.2896935505223,1824.4911304385437
m30eh,m30,569.1376199266311,1762.862902351106
m31eh,m31,579.5950847964428,1751.7249829878715
m32eh,m32,606.0257349473678,1827.1314191976387
m33eh,m33,585.9320723829065,1761.0481848615475
m34eh,m34,539.9422192444107,1714.5772100430636
m35eh,m35,523.9102521521801,1773.7319809270714
m36eh,m36,577.1955773639176,1858.2168964440184
m37eh,m37,585.8121862560126,1692.3507322905175
m38eh,m38,599.3333452091198,1775.6848103729924
m39eh,m39,633.3657112678573,1850.97110590732
m40eh,m40,616.2522125142186,1936.989072367324
m41eh,m41,567.7080836510723,1611.518365229686
m42eh,m42,602.6262290224911,1781.2225127849524
m44eh,m44,562.4529922292353,1721.8283095568215
m45eh,m45,706.4758049533334,2286.2495139175053
m47eh,m47,529.9991361104957,1601.413369993299
m48eh,m48,581.5020376203872,1814.0487360991024
m49eh,m49,555.2238977320204,2001.122272878498
m50eh,m50,574.1260618852907,1889.820103272585
w01eh,w01,750.7547685914642,1961.895241992121
w02eh,w02,748.0043978386796,2168.8288311057468
w03eh,w03,724.0487398964949,2016.879271548529
w04eh,w04,712.3470701585618,1994.7479607979585
w05eh,w05,771.148622923943,1900.8665357893208
w06eh,w06,717.098829586026,1888.528874144026
w07eh,w07,736.5385885341492,2092.035914176923
w08eh,w08,747.3588526074939,2107.534121516509
w09eh,w09,708.633093625761,2131.2448691207182
w10eh,w10,703.1787049487918,2028.292840335875
w11eh,w11,757.6567896475331,1937.9058803756689
w12eh,w12,693.1011426724785,2332.210239101333
w13eh,w13,672.7705452580858,2127.231760305199
w14eh,w14,837.4711542830345,2246.5768504689013
w15eh,w15,711.8958535289801,1985.760963942505
w16eh,w16,771.1918350136411,2084.061008577597
w17eh,w17,755.2946176743889,1925.1596346648316
w19eh,w19,762.9622093312792,2002.5747184896447
w20eh,w20,712.1773495190666,2156.1114902042737
w21eh,w21,737.6204590022822,1869.619190905076
w22eh,w22,612.3985887041746,2161.710000237187
w23eh,w23,760.8966420756718,1877.129836959111
w24eh,w24,840.7404293835184,1687.8778546706612
w25eh,w25,799.7100482470466,2029.3556578863463
w26eh,w26,615.9542387577351,2059.195822819377
w27eh,w27,749.823355792332,2032.9506486637447
w28eh,w28,698.7048076970626,2018.99884451546
w29eh,w29,598.1757294096423,2385.6234365769565
w30eh,w30,887.5035915863145,2065.1103203889074
w31eh,w31,588.8367504542466,2133.4096756198805
w32eh,w32,735.0784575689628,1587.8811116943905
w33eh,w33,884.0357449434839,1652.2303903135107
w34eh,w34,804.3048241978428,1977.258556489372
w35eh,w35,708.5977211578861,2036.4707038801985
w36eh,w36,772.1148504832717,2021.045457902044
w37eh,w37,702.8100530893098,2157.7566525820143
w38eh,w38,719.7201546492602,2080.176148983696
w39eh,w39,718.5395583957237,2015.970422269428
w40eh,w40,720.3284817748329,2091.9742860925835
w41eh,w41,703.2368012180904,2278.8633894881464
w42eh,w42,622.0131163414192,1873.36851762919
w44eh,w44,724.0494910367761,1950.9801004285364
w45eh,w45,765.5198052224197,1973.75009355544
w46eh,w46,697.2723830089844,1687.8157294659438
w47eh,w47,754.0679840530157,1911.7502527292247
w48eh,w48,675.8479367801613,1834.0421456151207
w49eh,w49,735.8052782038998,2236.878849085863
w50eh,w50,824.7582098526077,1958.0838841870277
b01eh,b01,695.5907668770951,2103.5306367612725
b02eh,b02,665.1805538631428,2299.9354483579987
b03eh,b03,742.1650665065555,2347.781265494932
b04eh,b04,725.9342306550817,2467.075778135763
b05eh,b05,753.4515710879376,2220.6555972536785
b07eh,b07,876.3541871174706,2121.818005616966
b08eh,b08,608.3507224366665,2567.965722767872
b09eh,b09,719.201707413199,2273.371546803201
b10eh,b10,653.2514654140928,2532.3768480198464
b11eh,b11,814.4420157966281,2194.808987389625
b12eh,b12,735.7419188279137,2359.1792760978806
b13eh,b13,675.0499378165482,2329.6882774163146
b14eh,b14,764.0829231141147,2244.355037612349
b15eh,b15,728.5042401686133,2231.185988536504
b16eh,b16,622.50051090184,2385.772568860767
b17eh,b17,735.5719609428525,2012.462392304001
b18eh,b18,742.7971658729826,2044.130156673056
b19eh,b19,638.5547843780485,2510.090695300089
b21eh,b21,692.557895995801,2167.7004266769045
b22eh,b22,718.2558773666107,2235.0287325523686
b23eh,b23,1022.5114106562472,2381.759701270464
b24eh,b24,709.181172962195,2272.077295653593
b25eh,b25,730.0988673985814,2330.806500562315
b26eh,b26,680.487084023922,2265.331636421782
b27eh,b27,731.6171923726943,2322.507114305628
b28eh,b28,735.1553488366802,2289.856017367418
b29eh,b29,827.244745568154,2360.6341483370684
g01eh,g01,713.2340039578578,2382.533081973781
g02eh,g02,906.1719149236668,2223.957439309633
g04eh,g04,767.0225182024076,2392.822494148289
g05eh,g05,790.4024688643605,2277.0657025738137
g06eh,g06,692.4639336725671,2245.931983616809
g07eh,g07,628.9204052873754,2333.892155693965
g08eh,g08,715.386716732711,2437.4213099524018
g09eh,g09,773.0407833580314,2403.707585322977
g10eh,g10,804.8352099573231,2424.054652700529
g11eh,g11,735.2538297726842,2220.915094124457
g12eh,g12,769.8738587667501,2347.7594287887578
g13eh,g13,767.2046025802197,2448.135169707764
g14eh,g14,597.4666279519063,2401.8181651623267
g15eh,g15,894.2642159106126,2647.617010060921
g17eh,g17,867.6528818432295,2261.677533666105
g18eh,g18,713.7006802836391,2476.3835791128963
g19eh,g19,803.6780885624257,2283.950030055244
g20eh,g20,850.6048859671264,2524.9019040241933
g21eh,g21,729.0614744627054,2432.9056645875376
m01ei,m01,496.5338118207927,2117.4092738156364
m02ei,m02,466.6001201004657,2051.01046594052
m03ei,m03,447.2328470521404,1997.3528819749704
m04ei,m04,504.69543195748406,1820.094705538212
m06ei,m06,500.0171595651936,2008.4482269301448
m07ei,m07,536.84534114475,2179.464548254145
m08ei,m08,538.9527042414219,1950.1301028276275
m09ei,m09,465.5537554043189,1941.79258247012
m10ei,m10,450.1186571892837,2041.915954978496
m11ei,m11,437.2985638450356,2082.365481545174
m13ei,m13,459.3351679537499,2075.4470886260624
m14ei,m14,519.1528359766571,2157.562258640583
m16ei,m16,485.4137732032238,1863.311862159877
m17ei,m17,445.11189298772825,2033.8743240019403
m18ei,m18,474.6620440907741,2052.99150852724
m19ei,m19,497.16046724429737,2169.994513513081
m20ei,m20,544.1205414252745,1953.3248323865864
m21ei,m21,424.6221031053056,2072.250005074701
m22ei,m22,500.77853614759374,2053.529244334587
m23ei,m23,470.7928038203296,2082.2219946335977
m24ei,m24,536.2199366806329,1712.4494288952228
m25ei,m25,479.21807733410463,1959.0435121159337
m26ei,m26,512.6351538183254,1886.4856480065307
m27ei,m27,474.5359825129201,2110.538526736276
m28ei,m28,475.1535616344507,2205.9606646187603
m29ei,m29,406.73389828234855,2248.644923925964
m30ei,m30,382.5579146692112,2366.1365176695326
m31ei,m31,469.6216998203215,2072.176343746639
m32ei,m32,526.9166071197794,2143.062167902102
m33ei,m33,472.04185120510783,2068.043578328675
m34ei,m34,469.01292922054586,2059.637630321028
m35ei,m35,450.1513024577726,1966.769739603176
m36ei,m36,475.4919561387828,1990.6764310518147
m37ei,m37,499.2434461755629,1923.643794047034
m38ei,m38,475.8831587638777,2060.57400268362
m39ei,m39,454.633010427531,2209.750986481437
m40ei,m40,527.1274953640005,1988.0535831045315
m41ei,m41,499.2436714145594,1908.4568385224795
m42ei,m42,546.661527619824,1916.9769811160213
m44ei,m44,503.4871258181537,1982.5628088905312
m45ei,m45,541.9580851522985,2452.9988045056925
m47ei,m47,478.1512513952621,1835.5860691759392
m48ei,m48,500.24014873547,2043.694017754602
m49ei,m49,447.75635484381576,2227.195845532676
m50ei,m50,485.3553885688758,2116.7155614184007
w01ei,w01,496.2998429578493,2444.091590794606
w02ei,w02,482.9296710818814,2654.7983387023705
w03ei,w03,628.192625440913,2451.4645846290023
w04ei,w04,610.7586394275069,2405.80882608964
w05ei,w05,482.5415379760655,1980.785619227038
w06ei,w06,463.49639167370566,2447.2022417802154
w07ei,w07,546.2944091894719,2480.018372063121
w08ei,w08,519.184394876273,2641.693581694318
w09ei,w09,522.4617309865736,1809.2705726733284
w10ei,w10,465.4310177033892,2440.876900396171
w11ei,w11,583.7733301381357,2283.609854186832
w12ei,w12,527.7249981817957,2398.745890935832
w13ei,w13,617.9231986444534,2441.0998547000613
w14ei,w14,584.0056962194683,2507.371178508424
w15ei,w15,518.1595968388425,2452.044659370034
w16ei,w16,609.1758641645029,2637.6216382650746
w17ei,w17,547.3161866840335,2467.891529874559
w19ei,w19,646.5820386761129,2414.2548353895486
w20ei,w20,575.5743673693461,2406.027401469242
w21ei,w21,515.091001397193,2190.3500141351624
w22ei,w22,539.4047554569871,2483.810023452266
w23ei,w23,523.0633474930619,2440.668646515636
w24ei,w24,614.7743988510891,1991.967169600397
w25ei,w25,612.9681460767749,2458.2487606017007
w26ei,w26,467.7453216499978,2389.0776397848035
w27ei,w27,564.0143679822484,2474.141489670478
w28ei,w28,545.5182177761146,2486.332767011073
w29ei,w29,539.5175445842422,2237.5532802655443
w30ei,w30,491.8069649611565,2648.179630266161
w31ei,w31,488.6588244639229,2427.4871022695816
w32ei,w32,583.6544376423014,2208.132715786992
w33ei,w33,519.7508473179518,1916.7656156123085
w34ei,w34,439.4500702020508,2622.008466119654
w35ei,w35,611.7458093705317,2522.193226533818
w36ei,w36,583.8632201840193,2283.2832019992816
w37ei,w37,527.0576981744215,2593.2319926977966
w38ei,w38,633.1109568162947,2494.453096706317
w39ei,w39,442.0166619525878,1980.404337943472
w40ei,w40,572.6277957176003,2289.4360046855127
w41ei,w41,558.0859643070127,2713.984627207805
w42ei,w42,484.8733750089102,2117.1916062954147
w44ei,w44,467.9273388004199,2337.6414492607773
w45ei,w45,589.020211929848,2390.302507418171
w46ei,w46,497.114960135549,2621.0654818187527
w47ei,w47,486.5489534362807,2673.148178406345
w48ei,w48,539.9181453833377,2202.698405294115
w49ei,w49,469.3824014920636,2744.950802456662
w50ei,w50,630.7974310851711,2463.9187190901785
b01ei,b01,573.3299672448852,2708.846308345394
b02ei,b02,553.0397469863796,2641.061924355384
b03ei,b03,586.0936796057229,2796.015269036923
b04ei,b04,603.1035766645556,2547.5379095359917
b05ei,b05,593.3214550963198,2766.7997743829706
b07ei,b07,627.1973028451201,2717.244746728836
b08ei,b08,668.9262052337111,2519.523813288325
b09ei,b09,831.4100369904334,2653.962707334369
b10ei,b10,709.297097340657,2868.366849798611
b11ei,b11,582.8060505283933,2653.632886510674
b12ei,b12,588.1018868886222,2714.3479748338627
b13ei,b13,574.2968806482614,2670.2586566721725
b14ei,b14,508.2371078362186,2900.989125024564
b15ei,b15,558.6572451086205,2796.136666693392
b16ei,b16,573.7764957808109,2584.734153993015
b17ei,b17,512.5595256275401,2549.8258321734484
b18ei,b18,637.5997375213166,2471.367484179872
b19ei,b19,610.886238995541,2705.0797248272343
b21ei,b21,498.7833201813198,2738.1005568564788
b22ei,b22,573.8300659465832,2668.113567448432
b23ei,b23,585.5843005130445,2812.241517252266
b24ei,b24,571.349875768155,2658.868912613429
b25ei,b25,517.7354976091156,2713.017552571032
b26ei,b26,623.0615800497559,2661.12347224317
b27ei,b27,503.788233238857,2908.8888936332046
b28ei,b28,540.1035984767927,2562.752840718797
b29ei,b29,662.3354861097624,2782.739712884551
g01ei,g01,495.8371337667828,2737.2875039515247
g02ei,g02,647.8596132370116,2757.9214587687093
g04ei,g04,562.1138845602131,2679.6081881255504
g05ei,g05,653.2610118435226,2662.185931166
g06ei,g06,571.3306052735395,2734.8906880964205
g07ei,g07,588.3458099238109,2526.969898250151
g08ei,g08,525.2397676350433,2840.4911678691874
g09ei,g09,567.4062305857408,2803.7594024296586
g10ei,g10,659.988549074799,2869.935810924618
g11ei,g11,533.7687373377696,2676.530854612776
g12ei,g12,614.0649146422286,2819.143838566913
g13ei,g13,550.6505710100245,2747.3875069767614
g14ei,g14,607.8323959254807,2648.882424726127
g15ei,g15,543.1876906034333,2838.425601875086
g17ei,g17,594.4913237457855,2611.7320929939024
g18ei,g18,559.3860699221191,3114.6131383272614
g19ei,g19,590.3010635422501,2732.3075542491288
g20ei,g20,609.9449673066131,2807.259715644567
g21ei,g21,804.6920113991283,2902.591229705761
m01er,m01,513.815039691232,1393.8076726667707
m02er,m02,445.86069679896553,1309.0453097863517
m03er,m03,473.23231618378446,1227.4644470399214
m04er,m04,475.126624140052,1231.2141141017134
m06er,m06,493.5570430699396,1531.0115005475895
m07er,m07,484.5982190227517,1210.63473948409
m08er,m08,500.7926644332626,1333.8045883017735
m09er,m09,478.025427332556,1369.784006794799
m10er,m10,469.13670242348326,1341.0270938432286
m11er,m11,447.765305388293,1362.8869035677503
m13er,m13,446.13051960293774,1239.5856489892722
m14er,m14,506.1694442661037,1413.189284385665
m16er,m16,453.9806787918824,1427.9071297744524
m17er,m17,419.21546729405753,1332.3639879701382
m18er,m18,512.0452508225138,1305.4267328948902
m19er,m19,506.0179093630918,1326.9831892251907
m20er,m20,474.1132727487711,1438.8218315796723
m21er,m21,472.7191184611199,1358.7006026717368
m22er,m22,483.4667528294455,1396.272240260142
m23er,m23,506.6977425016941,1226.3643906587065
m24er,m24,521.2276392240896,1301.9039316951907
m25er,m25,468.053609315921,1267.5369603826812
m26er,m26,477.764753109336,1428.0740590458408
m27er,m27,460.3078744749493,1502.0435052193316
m28er,m28,506.18920126051023,1403.2966284461884
m29er,m29,463.9326055355098,1378.2056259240865
m30er,m30,442.5188818581845,1426.9569756686155
m31er,m31,438.523312758045,1270.2165162886945
m32er,m32,500.7358090866092,1313.6388234833944
m33er,m33,477.60629589340107,1259.0681176283026
m34er,m34,456.6958530193226,1391.3847889461945
m35er,m35,453.5478126232483,1479.0716768741906
m36er,m36,488.7465423368544,1442.9895695564733
m37er,m37,448.937842655514,1339.4833866714253
m38er,m38,468.4607623241318,1261.3902605122855
m39er,m39,486.1964789151691,1195.9420836056584
m40er,m40,519.7675413421991,1406.8706603352398
m41er,m41,491.2987639053781,1491.5852993019644
m42er,m42,546.5688590646255,1264.3630166620771
m44er,m44,490.9143135163704,1346.2704222887446
m45er,m45,490.5040138075137,1304.302459023908
m47er,m47,462.4559232023804,1295.0446255554257
m48er,m48,480.3120275305548,1422.962851587232
m49er,m49,452.1618232411994,1317.0933246589077
m50er,m50,518.2341536629308,1295.296189693499
w01er,w01,477.2003383045825,1342.1741524182962
w02er,w02,508.1298292172081,1392.386436889543
w03er,w03,565.7861604720231,1335.8808056728108
w04er,w04,607.4397995436349,1665.0389648082455
w05er,w05,538.1891456798901,1438.8927087707768
w06er,w06,542.4151806135695,1569.109174103526
w07er,w07,570.1913251289178,1541.1549736533452
w08er,w08,537.6602515284611,1949.3132754525973
w09er,w09,511.3018638291294,1434.6223178866587
w10er,w10,499.6327045498815,1565.7327623484389
w11er,w11,561.2183741927995,1346.4899774964351
w12er,w12,553.5681131210571,1506.6560498869896
w13er,w13,559.7879112705361,1640.8945593511592
w14er,w14,565.6119760374394,1551.4975289409028
w15er,w15,489.8120551297292,1620.8020334945084
w16er,w16,614.1670888261447,1601.967713000984
w17er,w17,523.2223468441827,1418.2376324968186
w19er,w19,563.4344958377277,1368.7275031954875
w20er,w20,523.5337954701489,1498.501392419795
w21er,w21,467.2977625754019,1394.00701348282
w22er,w22,522.9790062911474,1581.9526127459908
w23er,w23,533.3660960854904,1654.5206518620805
w24er,w24,553.5181644711629,1752.6331630154723
w25er,w25,611.0938414200774,1435.1104448509748
w26er,w26,533.7956027926937,1467.391068562387
w27er,w27,532.7605800483659,1632.786198142462
w28er,w28,526.0594810671755,1745.401878551821
w29er,w29,606.2412476346651,1369.7652605791354
w30er,w30,575.1157164883812,1483.8496938680605
w31er,w31,550.2645809699394,1475.8317246308382
w32er,w32,593.9175339444781,1385.177442678848
w33er,w33,633.2883828872829,1732.8131924024449
w34er,w34,517.3356686539847,1422.0424920032783
w35er,w35,526.3729685700498,1409.4971657162864
w36er,w36,525.9192256974177,1472.520508266853
w37er,w37,483.4986071071436,1732.1954327930907
w38er,w38,642.5304224406948,1572.0369591835988
w39er,w39,525.2577415239056,1272.0538409692408
w40er,w40,576.5907842149634,1384.4383485750311
w41er,w41,552.5195661820097,1657.1432825175427
w42er,w42,479.8650104228666,1570.126563585265
w44er,w44,488.2719877151818,1358.5188185959078
w45er,w45,543.4050304935588,1640.4993290635264
w46er,w46,508.1900067227875,1546.320068067128
w47er,w47,501.0001199429194,1433.2774046485256
w48er,w48,652.3760674857513,1486.2589143470543
w49er,w49,505.3542351204828,1542.8167277975656
w50er,w50,551.226211440858,1606.7684606501025
b01er,b01,672.2424988042626,1788.5667806954275
b02er,b02,567.6722954428392,1839.764040731344
b03er,b03,645.0399522855379,1929.4370602917163
b04er,b04,610.1847716635303,2070.583096743469
b05er,b05,639.7443191450558,1839.9831656916217
b07er,b07,684.9214802249038,2173.947620381021
b08er,b08,520.4917648444585,1774.7988446201928
b09er,b09,588.781248914081,1897.7602865627011
b10er,b10,612.7708994241085,1988.0051143997712
b11er,b11,633.3393267792878,1838.0634686850224
b12er,b12,616.1966260312086,1947.8529998195856
b13er,b13,592.6036807360929,1928.675775468476
b14er,b14,671.8738578519793,1620.237182226206
b15er,b15,566.5387988163359,1871.9559766203847
b16er,b16,591.5759682826558,1760.0424662498217
b17er,b17,614.6070714540074,1955.6754230616573
b18er,b18,622.2628282232237,1970.115183652107
b19er,b19,596.8272471226576,2053.250150420245
b21er,b21,531.6426407796505,1795.0078308463842
b22er,b22,827.0523763009087,1903.6875341078064
b23er,b23,692.9572994487493,2204.259165602556
b24er,b24,735.8609962842859,1660.2393290769064
b25er,b25,538.5153723603835,1698.9535963423173
b26er,b26,584.6319716927507,1693.317033912456
b27er,b27,629.6522699014781,1871.8258854799744
b28er,b28,529.0326799191265,1696.0775161857791
b29er,b29,666.116711488769,1881.1795963069524
g01er,g01,770.489642370494,1937.1961449343933
g02er,g02,642.6484847599557,1898.0063389955933
g04er,g04,592.1377588538342,2090.052007565527
g05er,g05,628.8841535059352,1923.7168986536792
g06er,g06,686.2055610048835,1740.2446707255865
g07er,g07,574.9833201714602,1856.144949233557
g08er,g08,582.0643637795523,1584.7532208890589
g09er,g09,650.9162600578993,1877.831099589621
g10er,g10,662.5581195229694,1934.6569806173104
g11er,g11,658.8241595555792,1783.7069988260969
g12er,g12,652.0496654753464,1912.7636642256475
g13er,g13,664.599730404532,1710.9563872309027
g14er,g14,622.3464619044036,1769.2638268495284
g15er,g15,1024.3554975181398,1836.0183219551443
g17er,g17,673.0080276460518,1974.2484394334535
g18er,g18,607.1016531948411,2324.3139567134644
g19er,g19,768.4105755052091,2079.03228384746
g20er,g20,650.8044138457476,1647.3876009088872
g21er,g21,686.206953311548,1842.8721371569177
m01ih,m01,378.2459822098569,2156.0165805535203
m02ih,m02,407.33728575737314,1985.5912635751988
m03ih,m03,419.8669590020415,1916.7487527882488
m04ih,m04,463.2829262181738,2047.952220528456
m06ih,m06,456.20664648280336,1967.4978467290464
m07ih,m07,421.9886371127168,2147.92909813694
m08ih,m08,407.4135626980632,1956.9233866279371
m09ih,m09,407.7745567322464,1862.5604661598652
m10ih,m10,449.4558189714495,1902.551398353837
m11ih,m11,479.5485217112062,1955.880189863407
m13ih,m13,420.7274714723988,2005.0992014401131
m14ih,m14,456.28439966700216,2142.489998298962
m16ih,m16,418.7128212123092,1898.8605725161349
m17ih,m17,410.6194281173957,2027.8515721500755
m18ih,m18,496.6857613373687,1953.99720793353
m19ih,m19,472.7340853017688,2075.6268794703874
m20ih,m20,432.56073411542656,1570.3444913348856
m21ih,m21,422.7495939320029,1968.7545310128492
m22ih,m22,464.0387032239797,2063.79644144392
m23ih,m23,461.2161231782253,1964.4274467506343
m24ih,m24,515.9793132335574,1944.7032992067443
m25ih,m25,420.16949464552965,1965.7194145697745
m26ih,m26,443.67220877102073,1958.658390841735
m27ih,m27,459.6308067935123,1996.3514174610773
m28ih,m28,481.5009915588521,2122.758223584456
m29ih,m29,410.7261232364087,2071.0915862855145
m30ih,m30,401.6374619377823,2139.732645006344
m31ih,m31,448.95545572224034,2122.4023922388737
m32ih,m32,439.636543558577,2023.037540872622
m33ih,m33,446.0605756303357,1963.180327597068
m34ih,m34,393.9577223679592,1912.5346437432488
m35ih,m35,416.3067293831414,1999.2901601692856
m36ih,m36,433.36678036794416,1959.1295731460116
m37ih,m37,436.8647704739186,1847.503636949161
m38ih,m38,420.6679195891765,2143.907931234516
m39ih,m39,441.6355633839291,2081.530243496312
m40ih,m40,426.0105513623808,2044.965307413245
m41ih,m41,443.4037398545567,1850.2590862726663
m42ih,m42,474.9476032242246,1941.1458735104145
m44ih,m44,435.00251231248455,1974.1481486654648
m45ih,m45,461.9315567542808,2460.743453984973
m47ih,m47,410.4839272795031,1799.3289227864402
m48ih,m48,412.9439414162271,1992.458097786391
m49ih,m49,416.2350237564986,2252.758253020534
m50ih,m50,462.90823098682944,2085.433954188129
w01ih,w01,492.4876793515726,2249.0136359116564
w02ih,w02,472.0723176112836,2453.8526548157647
w03ih,w03,515.9339428629019,2325.22717368662
w04ih,w04,531.0868408602149,2374.376282411988
w05ih,w05,503.1324381471095,1927.3307455311765
w06ih,w06,526.9006553722179,2160.4162989338065
w07ih,w07,541.11782419205,2383.2800191355145
w08ih,w08,493.9637354769388,2321.9864593368097
w09ih,w09,506.7759149944462,2202.046890399707
w10ih,w10,483.3885469332765,2276.8320052767717
w11ih,w11,498.8540753050821,2362.6319419145807
w12ih,w12,483.3188861413975,2572.761812190714
w13ih,w13,549.1117192566354,2236.316463053221
w14ih,w14,495.0980852117539,2313.70692137144
w15ih,w15,480.35252077886616,2130.3018985434487
w16ih,w16,492.20914690112994,2563.5312720132074
w17ih,w17,492.4097449436611,2311.012560271931
w19ih,w19,507.1669289673279,2335.858525420795
w20ih,w20,497.3924951165712,2224.034914953064
w21ih,w21,467.5295063069809,2150.124710874988
w22ih,w22,458.48751577087086,2406.230160472949
w23ih,w23,546.7029699208755,2127.652852741576
w24ih,w24,527.6045862098055,1513.9188022734625
w25ih,w25,594.2825061484938,2408.273633940149
w26ih,w26,460.0245901753879,2299.3777659625457
w27ih,w27,508.4867776272724,2440.6575373608725
w28ih,w28,518.9385806373251,2336.3835079580267
w29ih,w29,529.108255843131,2526.8010462761786
w30ih,w30,510.0595778143449,2445.7493384630498
w31ih,w31,422.7850227594647,2190.4148314478066
w32ih,w32,510.4721615244862,2072.5378767892826
w33ih,w33,568.9958884398613,1427.5070400188267
w34ih,w34,476.6232602867128,2448.3357430462
w35ih,w35,455.4730355719856,2459.715972239062
w36ih,w36,487.2047148739216,2235.6960857016347
w37ih,w37,455.6787310809791,2445.5911415816563
w38ih,w38,483.0732329445482,2268.5489186127584
w39ih,w39,445.1507920730986,2545.163577455231
w40ih,w40,504.6072002398876,2324.577001388088
w41ih,w41,458.8017707987371,2622.6140897962277
w42ih,w42,474.0800372933717,2117.2021612270014
w44ih,w44,472.8954290830636,2233.620403835455
w45ih,w45,459.8108979388901,2353.032619939541
w46ih,w46,469.3969485190945,2475.373997683368
w47ih,w47,464.7638722612689,2254.0865410829224
w48ih,w48,492.4937879134168,2194.807128869521
w49ih,w49,464.4124746786763,2556.626819787034
w50ih,w50,501.1202597141111,2371.0776689108807
b01ih,b01,546.519564414268,2480.795962758962
b02ih,b02,573.5727394873796,2694.8071366716927
b03ih,b03,580.0072523000752,2721.555038128564
b04ih,b04,533.8651966866454,2469.272187734102
b05ih,b05,484.65741883703424,2560.0346686125567
b07ih,b07,616.1510825164371,2354.2446751176226
b08ih,b08,454.7041320627858,2927.893856103772
b09ih,b09,542.7108186616725,2569.282134677047
b10ih,b10,525.4082164336711,2708.667357839528
b11ih,b11,547.333277284112,2475.448770184381
b12ih,b12,547.8302175848188,2601.3195060441794
b13ih,b13,494.7610417510584,2502.3422620794736
b14ih,b14,477.60252741934585,2701.542454235293
b15ih,b15,563.0298504987927,2553.831455870616
b16ih,b16,562.5458209541317,2600.809339977327
b17ih,b17,499.0575356881708,2576.0151632342768
b18ih,b18,538.2770012453658,2396.733118355986
b19ih,b19,516.9255144024432,2748.792798949982
b21ih,b21,525.7331110448422,2659.928026296165
b22ih,b22,536.7529507202074,2604.315349735754
b23ih,b23,553.9419350014149,2816.751553180761
b24ih,b24,457.13054671977415,2847.33043971678
b25ih,b25,487.6035759177972,2627.9721155259685
b26ih,b26,698.6339397864405,2778.4929873975016
b27ih,b27,554.0397447022227,2601.438968045882
b28ih,b28,487.7573410273914,2653.248660896515
b29ih,b29,536.1875036931913,2589.1563927391967
g01ih,g01,494.2543655173483,2629.784187405776
g02ih,g02,742.2359147445806,2726.7342359180284
g04ih,g04,558.1578356527517,2467.884822783846
g05ih,g05,458.9199937331356,2837.352954691781
g06ih,g06,774.4797544477797,2752.529597252593
g07ih,g07,541.8377056408366,2576.717389566676
g08ih,g08,529.3793147467303,2757.698634886972
g09ih,g09,522.8612634495403,2878.187175081317
g10ih,g10,515.628712187678,2883.082940363048
g11ih,g11,510.43783067969616,2477.791359378796
g12ih,g12,553.3243709292799,2901.403324700457
g13ih,g13,532.4538870925569,2670.811093724457
g14ih,g14,531.170535561383,2804.207283911156
g15ih,g15,507.90366089517255,2835.450704629142
g17ih,g17,521.6244266990171,2609.969873449561
g18ih,g18,520.8944043207684,2774.8623687531194
g19ih,g19,559.1120800178708,2678.28404692312
g20ih,g20,519.1461799325698,2747.157998171303
g21ih,g21,570.26668903436,3031.678072192275
m01iy,m01,347.5295389499707,2413.7267999183155
m02iy,m02,332.2444615020962,2274.1093273478723
m03iy,m03,364.42036776641856,2242.481640260215
m04iy,m04,373.5320417989708,2352.476643983207
m06iy,m06,392.27631455772377,2359.3968446991225
m07iy,m07,372.4707243447391,2365.121374495333
m08iy,m08,333.8471105878454,2339.8586720264475
m09iy,m09,367.7502626134442,2058.620515730672
m10iy,m10,338.7206712707998,2226.541420008953
m11iy,m11,335.9100239914851,2252.140028604114
m13iy,m13,355.20970805346525,2203.916665215257
m14iy,m14,350.7549997087836,2474.9631170684465
m16iy,m16,320.40939106372514,2227.603069870352
m17iy,m17,334.32564444817007,2284.298275221869
m18iy,m18,380.0088275521193,2347.021296526093
m19iy,m19,357.9097510675946,2414.0190701788656
m20iy,m20,328.4569966764896,2315.4203890483805
m21iy,m21,353.70501512155806,2118.561502828319
m22iy,m22,380.0919642656142,2157.3863204020386
m23iy,m23,370.6605576808773,2207.312124652969
m24iy,m24,392.493260323718,2093.9142852269742
m25iy,m25,360.39803716155535,2226.300906862576
m26iy,m26,337.2213061135536,2203.9085379444846
m27iy,m27,354.31268112767714,2260.202591868255
m28iy,m28,368.4516472390055,2330.1050755770766
m29iy,m29,336.3412331092352,2369.6374807902034
m30iy,m30,372.6158851264472,2418.553010090456
m31iy,m31,334.304496579596,2332.934178488676
m32iy,m32,341.10233329114925,2222.265089817972
m33iy,m33,325.40123813547564,2447.4551964876573
m34iy,m34,361.9249123345034,2117.5144043020337
m35iy,m35,357.08104834871835,2102.7008232919693
m36iy,m36,370.3402467108135,2078.21956570398
m37iy,m37,417.6232785425863,2111.4731765325528
m38iy,m38,316.69337193038,2190.316019903118
m39iy,m39,375.78297974678514,2206.234739247649
m40iy,m40,368.0286318289804,2423.293216225302
m41iy,m41,413.148492136708,2213.277346677006
m42iy,m42,401.66850607690014,2183.511336670702
m44iy,m44,330.2685728916759,2260.478595998265
m45iy,m45,430.3864923091669,2423.835952629086
m47iy,m47,324.92881242853565,2058.498098830932
m48iy,m48,370.5662629959945,2502.7046584773752
m49iy,m49,383.6100773160431,2525.713908111029
m50iy,m50,356.29899027945095,2371.86851176168
w01iy,w01,452.25086831529177,2807.962483096936
w02iy,w02,441.8408113333679,2889.750904635713
w03iy,w03,389.1421531429581,2673.191746693209
w04iy,w04,427.8599568271258,2742.8497688063862
w05iy,w05,401.0687250544448,2705.1051058024354
w06iy,w06,447.7411179829576,2582.3324952373487
w07iy,w07,402.9113812720107,2641.615441541536
w08iy,w08,478.0906666601766,2709.803294636859
w09iy,w09,462.61923892253657,2793.5551324364046
w10iy,w10,477.4699705601402,2843.0949424827186
w11iy,w11,409.1351356847453,2650.2183691922114
w12iy,w12,443.0212648139348,2793.898920912117
w13iy,w13,443.9515250694757,2792.070861136511
w14iy,w14,441.6425882959504,2703.8885839147106
w15iy,w15,436.6759540252193,2819.252400432788
w16iy,w16,457.4652682711112,2923.422634007328
w17iy,w17,430.2585988204782,2647.4808615979964
w19iy,w19,492.3531880519462,2693.6093764671687
w20iy,w20,395.2294483452854,2588.263958019198
w21iy,w21,437.7783051669782,2481.687058413602
w22iy,w22,432.2784130721846,2590.762468421874
w23iy,w23,437.5235053705421,2588.207151005556
w24iy,w24,531.7232636276395,2944.335704192816
w25iy,w25,472.3741370815533,2899.831355889289
w26iy,w26,404.3907852592941,2580.8296203625496
w27iy,w27,483.8247736743684,2733.7550078768527
w28iy,w28,489.5817334413194,2658.653750088809
w29iy,w29,512.7068604160861,2335.8569848280613
w30iy,w30,467.4755707080528,2758.311060295749
w31iy,w31,459.9802507670727,2332.1343250030427
w32iy,w32,433.5288080836745,2729.3618606564696
w33iy,w33,505.0613969738688,2220.311335352819
w34iy,w34,434.74308187486827,2841.2812622648107
w35iy,w35,413.9076908778305,2728.2113676676245
w36iy,w36,437.8746686331162,2662.2372367685757
w37iy,w37,397.6044243937786,2789.814093540842
w38iy,w38,449.4690023404968,2913.1059189091743
w39iy,w39,422.1159456340611,2619.549191270223
w40iy,w40,400.0431868560286,2718.302836359093
w41iy,w41,443.1781925933095,2955.6717818375564
w42iy,w42,448.29812196679126,2656.875445606622
w44iy,w44,442.318423528586,2546.6245309193155
w45iy,w45,432.4320448976868,2490.328065341721
w46iy,w46,349.46942786433266,2071.1502611347278
w47iy,w47,451.2337592941774,2763.697041586143
w48iy,w48,493.4653176556568,2639.494894496125
w49iy,w49,423.680956557166,2855.182426532997
w50iy,w50,434.4048815330983,2806.507997653178
b01iy,b01,535.6904779745124,3112.5656120250705
b02iy,b02,437.2628128909362,3179.175900934325
b03iy,b03,440.09167239549146,3142.763405859072
b04iy,b04,519.0829004215822,2904.2683521320737
b05iy,b05,441.79664342446847,3175.3022286501728
b07iy,b07,516.7614850155904,3021.6463622399547
b08iy,b08,422.8286668030679,3192.2629011414133
b09iy,b09,516.1461135089311,2912.148938593352
b10iy,b10,458.246460314021,3204.972163420559
b11iy,b11,431.7214228665263,3052.3199936382584
b12iy,b12,521.1981771594607,3150.4611817177706
b13iy,b13,452.26698471794185,2863.045970462221
b14iy,b14,422.7994299274864,3345.5804498253124
b15iy,b15,474.5544715058304,3121.088317495565
b16iy,b16,423.0411777797832,2997.727617970476
b17iy,b17,493.9310654806071,2846.087010291081
b18iy,b18,527.0057784682535,2818.7634982433606
b19iy,b19,461.91815285443465,3198.203902248897
b21iy,b21,409.1103850642685,2967.6128447442416
b22iy,b22,537.6238787677587,3107.3586092264823
b23iy,b23,414.78766144795,3220.388678496445
b24iy,b24,429.49404058572367,3253.3561134632214
b25iy,b25,409.63133688978223,3091.1832755365767
b26iy,b26,457.2261884924344,3196.294957464381
b27iy,b27,527.0241419954075,3052.739290841647
b28iy,b28,373.3007209566589,3075.902446984396
b29iy,b29,392.47507183763054,3126.480067797557
g01iy,g01,387.3823252605685,3204.972415703394
g02iy,g02,480.5342286855891,3415.022099484703
g04iy,g04,430.3831462789019,3300.279533722105
g05iy,g05,459.0901195697903,3176.6474534877275
g06iy,g06,687.8267740573851,3086.763518180809
g07iy,g07,469.2016289361264,2806.8438305758195
g08iy,g08,466.8309058671115,3518.3187966766877
g09iy,g09,485.67699391265216,3240.7695682285803
g10iy,g10,450.6400738429172,3375.042039790198
g11iy,g11,448.0231302733265,2932.441659503471
g12iy,g12,437.7768136382052,3416.157499112937
g13iy,g13,436.4714263883124,3201.9581364530795
g14iy,g14,432.9775367116439,2819.867308347823
g15iy,g15,453.9984791194459,3361.7266803423167
g17iy,g17,462.4135295305069,3120.1528368583317
g18iy,g18,445.0410340876351,3393.847887006581
g19iy,g19,466.5036252266053,3099.538731976247
g20iy,g20,466.89677587973335,3314.550878983571
g21iy,g21,470.4892401647393,3083.440910741908
m01oa,m01,517.2472484308884,991.6455283041448
m02oa,m02,540.1389330616544,926.8877995414744
m03oa,m03,504.8927931535151,890.7578603524491
m04oa,m04,456.7050318827826,857.2556021151061
m06oa,m06,533.5426860027248,1007.0013567586836
m07oa,m07,519.8412785874309,1094.1215725368504
m08oa,m08,505.6400232682921,896.6506559372104
m09oa,m09,497.78654773659633,958.7578434447532
m10oa,m10,500.7173968687762,1042.343719992561
m11oa,m11,505.0764798276406,890.0709133058161
m13oa,m13,484.1991830399054,858.8505700470064
m14oa,m14,491.1619294353186,1071.8981665761148
m16oa,m16,437.4523191359714,882.6100381084632
m17oa,m17,440.0688432217485,779.8101037520261
m18oa,m18,461.9324361412689,801.581648331566
m19oa,m19,561.7826730301848,1024.5995629365195
m20oa,m20,548.2212067753201,1041.870934577001
m21oa,m21,572.1734115080242,950.5463854016934
m22oa,m22,539.3245283409917,1019.2744611242476
m23oa,m23,469.46417897517495,813.7626560971718
m24oa,m24,536.3052034679065,1009.1898102494332
m25oa,m25,491.4253820161308,951.3887458253472
m26oa,m26,443.7953429441906,876.2339338125003
m27oa,m27,537.5896158376828,905.4421102526942
m28oa,m28,521.6245575038797,983.405001490932
m29oa,m29,523.2795824639509,902.5676228253416
m30oa,m30,397.6524304507205,714.1239247471192
m31oa,m31,467.26060268196943,866.7222041421328
m32oa,m32,485.0153120966473,808.8697102361075
m33oa,m33,507.07987108401016,900.8767928046038
m34oa,m34,497.4775541295717,906.778912659791
m35oa,m35,480.0407245961027,988.710944249361
m36oa,m36,507.3367053437218,941.6907913015932
m37oa,m37,444.8904361750264,891.0272190401104
m38oa,m38,546.7587680531338,1074.0541011695584
m39oa,m39,455.63384684037385,818.427312918952
m40oa,m40,523.1228530348806,938.87374681509
m41oa,m41,546.0536435559416,1016.7316105683084
m42oa,m42,539.4894175725219,864.8259941365548
m44oa,m44,560.7036374848158,1022.4565876744366
m45oa,m45,553.2957942722253,946.9209644448084
m47oa,m47,485.4351746329795,898.49771242602
m48oa,m48,491.4570788807878,906.812892722042
m49oa,m49,487.2254744937652,951.3199479983332
m50oa,m50,582.6103490562476,1054.5153143191824
w01oa,w01,532.3837171743266,1140.3213143835023
w02oa,w02,434.3022555233715,1022.3396691823594
w03oa,w03,631.4158873402115,1133.431395632148
w04oa,w04,631.2076800951148,1303.5322083538565
w05oa,w05,459.54121228857787,895.4381776635297
w06oa,w06,592.172777419347,1017.801825079512
w07oa,w07,592.9018212834297,1001.9057998746208
w08oa,w08,530.0967397263662,1276.8318851415063
w09oa,w09,541.5314412839142,1007.9019907563892
w10oa,w10,466.3709529460469,993.1330550399124
w11oa,w11,587.1549545090339,1136.4836621573556
w12oa,w12,658.070625343662,1201.1744050192444
w13oa,w13,619.5733364548363,1170.83739451214
w14oa,w14,621.0023267648295,1004.8033741534828
w15oa,w15,470.845276599149,954.1560517941184
w16oa,w16,609.1967647530579,1042.0561876725349
w17oa,w17,604.0691584842814,1053.9369352788665
w19oa,w19,669.3324681225724,1207.7264494662384
w20oa,w20,520.1803022337858,1018.10581598302
w21oa,w21,472.713805088351,958.2258533475886
w22oa,w22,586.8380790855238,1043.5811733828343
w23oa,w23,573.7399190347594,1014.7719405094224
w24oa,w24,531.86111942695,1022.5890119773997
w25oa,w25,643.963865329017,1049.2279677412944
w26oa,w26,494.4199396492204,970.1148214196326
w27oa,w27,560.1640958917617,951.5983165350418
w28oa,w28,584.4842212747548,1168.2091785443831
w29oa,w29,604.3362903646662,972.6522648907278
w30oa,w30,637.5423435263679,1123.9110831601088
w31oa,w31,582.7865563024478,1001.9903716688342
w32oa,w32,502.0600735774663,1024.8298374361862
w33oa,w33,546.1998417793006,1025.2969162019922
w34oa,w34,491.11425599879294,925.6956942294732
w35oa,w35,663.739573041122,1199.8339529281047
w36oa,w36,610.7322973907677,1068.947516463801
w37oa,w37,556.3833277178225,1170.2411487237405
w38oa,w38,651.8728356994042,1114.959167122101
w39oa,w39,438.8467074059711,867.0381527320577
w40oa,w40,457.12157105078535,829.8142638588076
w41oa,w41,467.16971272454975,890.8772317356445
w42oa,w42,463.5192643169708,1009.8088760426511
w44oa,w44,440.8629227114768,874.3333468961005
w45oa,w45,608.9711406264831,1028.0347396738343
w46oa,w46,548.3420147518817,1070.7775393214265
w47oa,w47,607.5821584760633,1113.156663294145
w48oa,w48,527.8378166263903,965.98234686325
w49oa,w49,452.901152082808,845.6832249425278
w50oa,w50,723.4979467026884,1279.184848045665
b01oa,b01,798.1888160535318,1372.5213145799853
b02oa,b02,627.2139090684099,1298.5997168155493
b03oa,b03,663.5133975608355,1550.60434270772
b04oa,b04,749.8972512092573,2903.080070346983
b05oa,b05,642.2639084032882,1573.357818305492
b07oa,b07,724.9787677244713,1181.877037949254
b08oa,b08,631.5157714474811,1839.833084471886
b09oa,b09,676.5637669206761,1167.1185772549877
b10oa,b10,628.758017046805,1345.9935871716032
b11oa,b11,738.9345367074723,1917.1286413435064
b12oa,b12,776.1431342056479,2703.383570546061
b13oa,b13,694.4164898557875,3104.351650267565
b14oa,b14,693.598789872074,965.1548648378536
b15oa,b15,583.835827358264,1143.2542131125908
b16oa,b16,594.2781546251525,1065.2363036611457
b17oa,b17,739.0208421245613,1560.5289597291587
b18oa,b18,841.1750839915255,1221.1785158704963
b19oa,b19,606.4144799451823,1696.9270902952976
b21oa,b21,519.5014589705485,817.3450172990532
b22oa,b22,882.5330060783733,2707.3791788265207
b23oa,b23,584.0520724895302,1188.6713695167562
b24oa,b24,650.098239994677,1042.056741097415
b25oa,b25,656.1979622601943,1229.1937385582082
b26oa,b26,729.9490455818094,1420.9352974367057
b27oa,b27,757.688971114466,1835.931163751432
b28oa,b28,733.2617929871382,2097.6567683383614
b29oa,b29,778.4249457101529,2748.929102890092
g01oa,g01,776.0557561983361,1965.493169337072
g02oa,g02,691.7133427021179,1184.740046056385
g04oa,g04,827.1171269364547,2208.4814293353943
g05oa,g05,749.4134981487897,1516.7632110821926
g06oa,g06,566.3650303557567,1233.56717222669
g07oa,g07,521.4028531955199,994.5187310795396
g08oa,g08,673.7270706303299,1213.6174976376626
g09oa,g09,606.0036288633175,1241.8218087431158
g10oa,g10,822.2663753819843,1618.1043822545332
g11oa,g11,549.354222255748,1487.7786946327296
g12oa,g12,670.8152903637756,1163.1248094012865
g13oa,g13,598.5829249226466,1378.2787419881006
g14oa,g14,681.5224220416753,3000.357320581488
g15oa,g15,812.3987193179993,2330.0730151335288
g17oa,g17,857.7900678821645,1837.5696634103797
g18oa,g18,616.01435950958,2031.7813314590924
g19oa,g19,696.9501825881694,1279.5280505563385
g20oa,g20,618.3700999920164,1237.660587124037
g21oa,g21,631.3345967518351,1103.8360190991848
m01oo,m01,473.6300670763384,1025.0426216957942
m02oo,m02,442.0037680020867,992.4126810462948
m03oo,m03,481.5493915648829,1058.1366306281725
m04oo,m04,516.8564506780998,1071.360562658095
m06oo,m06,480.9619306873682,1174.291772390287
m07oo,m07,457.1307851400487,1180.881754519563
m08oo,m08,478.433713746725,1164.2294575915712
m09oo,m09,465.59602281985696,1230.2992982801209
m10oo,m10,482.17702843267256,1107.1002345802772
m11oo,m11,465.94830318165305,1230.69194753898
m13oo,m13,457.1046364148084,1036.8356268135772
m14oo,m14,460.0619982493348,1275.0030564118974
m16oo,m16,448.838289830318,1169.3887543466603
m17oo,m17,445.7801190896535,971.3294337773264
m18oo,m18,473.5350472951192,1120.0685233151992
m19oo,m19,498.7982684392696,1145.2953021599444
m20oo,m20,453.4604876899047,1221.4572320053298
m21oo,m21,455.0543050881828,1125.632377998581
m22oo,m22,473.1661994128114,1205.2696495025875
m23oo,m23,504.2701260949533,1044.941191891124
m24oo,m24,516.2419599210377,1355.0608483728483
m25oo,m25,511.54433165584953,1206.6376038304843
m26oo,m26,494.21023160907606,1175.069840622172
m27oo,m27,495.3415622132108,1072.1894675837789
m28oo,m28,454.7420652206818,1009.8064434496512
m29oo,m29,490.3501687958772,1276.825960507425
m30oo,m30,430.1514380566368,1094.4485209899992
m31oo,m31,465.51616849709376,1078.140325689924
m32oo,m32,501.5736045258184,1080.862365776352
m33oo,m33,482.780599458732,1100.4631992302498
m34oo,m34,496.6379957972336,1094.7276086641093
m35oo,m35,475.8597326391274,1364.5198878439471
m36oo,m36,499.07994458122886,1118.988446445543
m37oo,m37,505.4202159641089,1232.1982688070018
m38oo,m38,439.5635678893503,1188.1061275746597
m39oo,m39,488.8199571141142,1075.6536806021877
m40oo,m40,435.9101210238805,1249.567338882905
m41oo,m41,484.3059480560017,1129.4297914145254
m42oo,m42,519.3299837005288,1205.3392861112593
m44oo,m44,428.9720432139665,1018.090096171092
m45oo,m45,494.53751252773225,1082.885054496565
m47oo,m47,484.9694075052783,1136.8665584577316
m48oo,m48,449.3154394808967,1155.787357482868
m49oo,m49,444.6884091991099,990.3873687537932
m50oo,m50,491.3045949007064,1150.134414453517
w01oo,w01,487.988309901325,1350.5735767017422
w02oo,w02,520.1352247038332,1278.6245599959495
w03oo,w03,525.1143550604089,1110.0364416255195
w04oo,w04,534.199335802753,1331.3975434554145
w05oo,w05,530.7108374541838,1218.2009611052526
w06oo,w06,505.4626722303488,1108.7467310944885
w07oo,w07,569.2264385350926,1231.40887201142
w08oo,w08,549.2151522291304,1548.2113581649703
w09oo,w09,503.7529667159682,1216.1560164250166
w10oo,w10,496.40778035787525,1210.41604841472
w11oo,w11,554.7917298443249,1605.9116050675918
w12oo,w12,508.69446398146647,1339.9231526161025
w13oo,w13,546.5185227475303,1213.2760895280232
w14oo,w14,510.0010182839624,1173.0979626518983
w15oo,w15,496.6858836713934,1184.6039062640723
w16oo,w16,554.9200611462956,1155.4686085333042
w17oo,w17,487.2479575733192,1199.3663304767972
w19oo,w19,519.5227148523583,1329.8603929085266
w20oo,w20,502.62465955649895,1066.1277791159378
w21oo,w21,491.6495285557285,1145.8439993552302
w22oo,w22,474.2138564211766,1087.718288530749
w23oo,w23,605.4396358886199,1312.5372425238068
w24oo,w24,551.8432897275516,1225.406760552628
w25oo,w25,565.815087917229,1146.7097469279602
w26oo,w26,502.2590341253231,1131.4189603076754
w27oo,w27,578.3601887719733,1278.8984168718605
w28oo,w28,528.5053951365186,1404.5422580831157
w29oo,w29,573.2753163926575,1094.4075547096477
w30oo,w30,545.2720445844201,1377.608111037002
w31oo,w31,472.5624434598397,1132.3612607243858
w32oo,w32,524.9410008942582,1117.245032481829
w33oo,w33,626.4025409026095,1406.640258374393
w34oo,w34,561.2951017054407,1327.3571289717586
w35oo,w35,531.2413723806764,1285.759069616471
w36oo,w36,472.1041677214464,1376.3819566474626
w37oo,w37,464.8790600582861,1159.337735700396
w38oo,w38,540.4357357035947,1189.8180488424732
w39oo,w39,469.4334303188758,1066.8860975888354
w40oo,w40,508.591366483666,982.8466512681072
w41oo,w41,469.7666066503363,1117.3162665340135
w42oo,w42,482.9023496773916,1445.076330313177
w44oo,w44,506.686766256965,1130.6208794238346
w45oo,w45,488.0034172061355,1097.766987892015
w46oo,w46,512.0441576200986,1349.5565272805254
w47oo,w47,498.0513431413991,1115.3818407474023
w48oo,w48,520.5354164414298,1082.0587592848158
w49oo,w49,515.9814793780848,1114.0466371378254
w50oo,w50,566.4394123533784,1203.055239032962
b01oo,b01,602.1528044972974,1598.0484282757277
b02oo,b02,603.2320133061124,2519.707266411274
b03oo,b03,612.8345459778205,1914.6510247675697
b04oo,b04,573.2822475718812,1912.797556428509
b05oo,b05,540.2182832376928,1606.8849102034262
b07oo,b07,883.962079759361,2271.868715330111
b08oo,b08,642.8089331318643,1853.1502302494328
b09oo,b09,748.6515741982626,1451.4834760860815
b10oo,b10,618.2290767055296,1789.291682760743
b11oo,b11,683.5923998748083,1618.064204734685
b12oo,b12,640.9240787705245,1805.952386229554
b13oo,b13,704.5970073928889,2605.3067511725094
b14oo,b14,655.4415175021221,1506.1091280228088
b15oo,b15,589.9281409578268,1786.3705884398844
b16oo,b16,637.5661901399142,1572.02554096191
b17oo,b17,585.7199856647759,1848.296563737424
b18oo,b18,579.6207495702478,2035.2610491929288
b19oo,b19,652.0281427541247,1630.5332977530838
b21oo,b21,578.8307222270112,1766.6426566011385
b22oo,b22,621.7089101658867,1971.7391581852569
b23oo,b23,582.1337329757898,1871.077560180996
b24oo,b24,560.045458826008,1903.830496580028
b25oo,b25,611.0186786480587,2417.1165127218246
b26oo,b26,609.4351406155135,1357.484640555777
b27oo,b27,634.5634428657344,1486.6372606440675
b28oo,b28,577.6331822146567,2417.766474610556
b29oo,b29,662.7260712335292,1739.1749121884045
g01oo,g01,601.308866348056,2386.011023553136
g02oo,g02,620.9548911789788,1511.9914362632635
g04oo,g04,636.2626700152334,2023.209082371322
g05oo,g05,677.2892704947765,2084.94199709171
g06oo,g06,873.1027947559301,2392.394563222797
g07oo,g07,529.3376352862433,1767.0680423215242
g08oo,g08,717.7724908983608,2206.9485625477346
g09oo,g09,612.0338466414426,1883.5839649305317
g10oo,g10,655.3204973477463,1552.1068199566348
g11oo,g11,622.6081902733553,1602.410372410951
g12oo,g12,606.4088042918473,1907.5258166311776
g13oo,g13,575.7917430938345,1767.8593334192765
g14oo,g14,505.6294889151526,2318.918381724101
g15oo,g15,706.5611879471038,1960.3520118997112
g17oo,g17,634.5177148719514,2077.8582475792223
g18oo,g18,702.7146193507042,1885.4173698302984
g19oo,g19,659.0850842164273,1529.8101325393925
g20oo,g20,580.2465727787538,1694.7378104751324
g21oo,g21,581.6038361827954,1616.7846373119153
m01uh,m01,665.1343074625054,1237.435100740337
m02uh,m02,665.8252832858844,1057.3918142946025
m03uh,m03,622.6735330859044,1090.9159129901332
m04uh,m04,665.9033405606816,1066.33632003033
m06uh,m06,636.8087275194881,1184.075795981499
m07uh,m07,641.4873051463072,1157.309708792643
m08uh,m08,634.9564129297216,1194.5949340676298
m09uh,m09,616.0488938264724,1392.4416796137468
m10uh,m10,644.6500636506366,1225.9298122619214
m11uh,m11,614.405847043662,1248.2540512966534
m13uh,m13,640.7852160928875,1151.582320535672
m14uh,m14,625.0171618669905,1127.8047821831094
m16uh,m16,587.1381011115112,1150.5596958936935
m17uh,m17,681.3534577584596,1232.0520174103997
m18uh,m18,601.2669283400024,1166.3286395272023
m19uh,m19,657.9829771428768,1343.7036649620875
m20uh,m20,635.8167987911418,1231.3698423479093
m21uh,m21,593.9045885092331,1268.3052197395907
m22uh,m22,636.2766981540162,1197.9566306348845
m23uh,m23,612.9932821682443,1078.8934728071952
m24uh,m24,634.8448966332445,1263.7636325946537
m25uh,m25,594.761256008451,1207.6978829925465
m26uh,m26,598.851938672467,1242.6291907678085
m27uh,m27,655.5055085039148,1176.1198218146792
m28uh,m28,683.3563269307023,1219.250070337177
m29uh,m29,628.836377973561,1209.5794537955778
m30uh,m30,569.8514537523193,1145.83748048969
m31uh,m31,636.8902840915473,1244.2828036942478
m32uh,m32,654.67394150864,1129.5893226816593
m33uh,m33,586.4197784291583,1146.739487824506
m34uh,m34,584.4630890646733,1157.934152602981
m35uh,m35,559.1822823490057,1353.2195834443023
m36uh,m36,613.6256520694716,1319.843489843082
m37uh,m37,598.8743085937763,1102.6324283335316
m38uh,m38,598.0479415785953,1185.51961292769
m39uh,m39,605.7949156465819,1228.619726867278
m40uh,m40,623.2323959323473,1342.098879402782
m41uh,m41,643.3828269817134,1223.7987200443094
m42uh,m42,637.0049305477415,1257.2857885410715
m44uh,m44,654.9334811714273,1174.2538360157912
m45uh,m45,646.7637751729656,1080.8131021251752
m47uh,m47,571.9808011086518,1058.746543090045
m48uh,m48,597.5159198439742,1186.5222876175687
m49uh,m49,629.1223749296747,1211.5188607267492
m50uh,m50,613.8629415571445,1202.3261296430633
w01uh,w01,800.4852111570448,1496.4320571446592
w02uh,w02,824.0340678377914,1541.8746314499394
w03uh,w03,786.8325089298738,1311.8943108095934
w04uh,w04,737.8256147657883,1584.8552267307014
w05uh,w05,736.2180771219274,1318.6358397965182
w06uh,w06,810.3516699149769,1451.4635746005356
w07uh,w07,818.3431611961629,1287.561316841693
w08uh,w08,809.89698573016,1591.3498880048448
w09uh,w09,811.6481549334992,1367.1154977544268
w10uh,w10,695.4241942874212,1467.1929369789395
w11uh,w11,759.9480036732778,1595.9306943255422
w12uh,w12,820.0162363080783,1634.9515475418812
w13uh,w13,728.0019926496623,1322.0309972239124
w14uh,w14,761.9038970903629,1548.0708982688814
w15uh,w15,708.2638155171755,1330.3022926575638
w16uh,w16,810.8035474734495,1362.8505025437214
w17uh,w17,728.5943818598217,1274.1783248957695
w19uh,w19,852.9892526941446,1524.2208319715864
w20uh,w20,673.0753558463637,1155.6292530525225
w21uh,w21,738.8992067631451,1355.2979887896936
w22uh,w22,783.7563177917245,1388.842061857172
w23uh,w23,698.9651273144071,1261.6476397100932
w24uh,w24,806.214631738236,1426.3201791780764
w25uh,w25,795.9840533957714,1248.5523633255298
w26uh,w26,707.0381479382802,1391.1346224107838
w27uh,w27,817.6276757593841,1482.9486530897325
w28uh,w28,714.4390257322592,1584.812850528125
w29uh,w29,889.2151300324905,1591.8451275424525
w30uh,w30,831.054093718281,1532.7926560499811
w31uh,w31,731.1181939746945,1538.9933705212286
w32uh,w32,671.7016855859802,1147.0821338426042
w33uh,w33,845.6464057142508,1479.580225045407
w34uh,w34,862.48772083657,1425.8243444771765
w35uh,w35,729.2080461114567,1441.5502057361027
w36uh,w36,720.6518636615918,1294.7816364009077
w37uh,w37,800.1885293426257,1485.36391126485
w38uh,w38,812.8259720126346,1507.1808869628776
w39uh,w39,725.8348069797162,1309.8582524123876
w40uh,w40,721.8250072012438,1225.62498566134
w41uh,w41,792.2243723877384,1386.1397084736957
w42uh,w42,744.4711907925775,1339.267591348376
w44uh,w44,703.3128207462261,1223.5438051266606
w45uh,w45,784.5790685670015,1394.6939039534034
w46uh,w46,687.2751125924813,1259.7339075229772
w47uh,w47,730.3662649600623,1341.3473032931267
w48uh,w48,726.551460509373,1368.8744574477191
w49uh,w49,741.5653845746874,1337.2918255940947
w50uh,w50,796.5769205074835,1418.68546514198
b01uh,b01,747.3476566470357,1607.8718162652692
b02uh,b02,912.9606946246424,1957.4495421162308
b03uh,b03,889.9270063584208,1783.9511808606887
b04uh,b04,767.5395782320657,1724.1760154607405
b05uh,b05,731.5056315293881,2011.409195222632
b07uh,b07,903.4354573744192,1582.5115100447715
b08uh,b08,852.5403100474828,1469.0284547261208
b09uh,b09,751.1023599891749,1432.4047571920423
b10uh,b10,730.0996332756076,1714.2462575676848
b11uh,b11,1090.7671836115956,1993.259769028208
b12uh,b12,813.5382433240268,1609.6420675026532
b13uh,b13,1125.0461526380134,2912.674928245394
b14uh,b14,779.6363728430031,1400.7989148894242
b15uh,b15,741.898508488908,1963.3863955384677
b16uh,b16,752.7711976435551,1429.877321277972
b17uh,b17,786.8674091377649,1398.675300674566
b18uh,b18,805.4628656443745,1488.212203201637
b19uh,b19,819.14332212451,1810.407747471224
b21uh,b21,828.8296860110678,2509.1854968486987
b22uh,b22,869.4825195956079,1918.524513577935
b23uh,b23,863.7515292675143,1502.5847699520448
b24uh,b24,799.9145460400924,1572.036163024327
b25uh,b25,741.4257042173851,1508.8777964489025
b26uh,b26,706.4053645148,1614.935162565086
b27uh,b27,890.7454214026689,1577.460173358406
b28uh,b28,742.9701156853147,1806.6197047576063
b29uh,b29,910.4569722104828,1431.1101040777107
g01uh,g01,885.6604672140271,1966.0374638513692
g02uh,g02,878.7099361967632,1603.538798133628
g04uh,g04,792.4496412678757,1664.1281271281273
g05uh,g05,894.961878815992,1740.5214956290238
g06uh,g06,918.7660689477937,1533.9706388466525
g07uh,g07,743.9978452622032,1740.6594851344637
g08uh,g08,786.2702092264715,1863.59007262163
g09uh,g09,779.5759552453878,1680.7274449198728
g10uh,g10,951.2372984966936,2009.4831675024489
g11uh,g11,735.2557959959299,1660.0163849742632
g12uh,g12,848.6232159833125,1854.272859868898
g13uh,g13,774.5626191154499,1536.1892464555403
g14uh,g14,695.8589264460516,1660.1668443143512
g15uh,g15,884.1754001122779,1981.881674384707
g17uh,g17,910.2020406581884,2124.1460444945938
g18uh,g18,678.8145613133464,1794.8781998343225
g19uh,g19,902.69132269791,1727.8374476160998
g20uh,g20,890.0584075453386,1381.3496648568755
g21uh,g21,813.0687538592458,2037.1576805698528
m01uw,m01,374.2291930974464,927.5019365458576
m02uw,m02,341.8313755231859,957.1879482740076
m03uw,m03,401.2550831204196,1012.3989818301897
m04uw,m04,404.3536533793539,1224.919258019298
m06uw,m06,374.856232023385,957.6452096827292
m07uw,m07,345.2315831591821,1013.9142890132174
m08uw,m08,396.3209871043629,1096.8156783716831
m09uw,m09,403.2876138062488,1287.8156594321592
m10uw,m10,363.0160033766167,1138.5419565968982
m11uw,m11,347.292264476329,944.0471315114738
m13uw,m13,379.73722945276006,799.585497925081
m14uw,m14,396.1669295068557,1132.0278816776272
m16uw,m16,393.33099324347376,982.213492392418
m17uw,m17,352.9858930014326,891.0998066478547
m18uw,m18,417.9170791949741,1049.840923169614
m19uw,m19,471.54138126176025,1192.7230193814833
m20uw,m20,383.74493894754426,926.4744390731156
m21uw,m21,371.3512950202504,1011.9305101498176
m22uw,m22,394.0757711711232,1099.0276158631534
m23uw,m23,395.0485813118608,929.5054388449798
m24uw,m24,431.6979261131818,1113.4219122809377
m25uw,m25,376.9871837442576,1001.2360232321164
m26uw,m26,386.32589591176816,972.4021701719124
m27uw,m27,372.12746071701065,977.226908008196
m28uw,m28,405.95345287734335,953.1670942930638
m29uw,m29,405.88832594052536,965.0469047732648
m30uw,m30,335.3807363856321,883.3903340174274
m31uw,m31,385.691586744086,1066.332230538076
m32uw,m32,424.0202894213953,833.7833428630854
m33uw,m33,380.5844809587777,942.5866231599364
m34uw,m34,393.7790215870269,1027.4626815426773
m35uw,m35,360.7096624034009,1156.0484037482847
m36uw,m36,411.5650522075109,995.6229875580444
m37uw,m37,422.10802740601815,857.2977923792026
m38uw,m38,398.5127096920593,1086.841221123171
m39uw,m39,386.1799843292182,945.1137450766156
m40uw,m40,345.6808674637461,938.2174456191646
m41uw,m41,442.4675404841072,1128.1223895059045
m42uw,m42,441.86953816531,1113.078924047257
m44uw,m44,373.58610912054405,1014.1419266179116
m45uw,m45,428.2879145493914,852.8369918607084
m47uw,m47,415.4542808415837,1206.980014124473
m48uw,m48,386.88324447508194,899.3481983174624
m49uw,m49,380.385392484853,887.2787191175137
m50uw,m50,403.585294484176,1009.8701479549948
w01uw,w01,497.74339507966687,1055.938361817878
w02uw,w02,435.8372875827724,1438.8100280757528
w03uw,w03,426.8968432884394,871.0979236292037
w04uw,w04,433.9552283635064,1392.351936003636
w05uw,w05,473.78874311393935,997.0309041025542
w06uw,w06,437.662723421442,1096.17609430801
w07uw,w07,411.993177711979,1019.1606594123182
w08uw,w08,514.7106331652043,1525.129108036301
w09uw,w09,489.7991825609523,1070.0201062416045
w10uw,w10,480.2673411448352,1133.6262594045927
w11uw,w11,467.9993024949746,1626.5007694109247
w12uw,w12,478.6867693683559,995.6041732412788
w13uw,w13,460.4842402624754,1162.8428038266711
w14uw,w14,477.7141745488368,1158.0976448529177
w15uw,w15,467.46340980462793,865.6670719967727
w16uw,w16,452.1677102667202,1143.193829786355
w17uw,w17,437.65491822415646,951.946142571391
w19uw,w19,515.4090523957294,1029.781787113854
w20uw,w20,397.8000339463334,912.9946148561584
w21uw,w21,479.4573609192513,1244.860436227631
w22uw,w22,403.3161074506641,1005.5086300065104
w23uw,w23,428.4901198075777,1033.9547496183802
w24uw,w24,532.1553915811442,1075.153659586563
w25uw,w25,460.79651901444174,1374.4989938493234
w26uw,w26,442.1698245184923,994.4059909082656
w27uw,w27,510.2075542563431,1049.4106545150607
w28uw,w28,521.4940796398681,1093.4442784681492
w29uw,w29,476.881687112971,965.0278622849136
w30uw,w30,527.528072865244,1078.1141012664543
w31uw,w31,485.2060565970624,1126.036142867899
w32uw,w32,463.6578081060826,1153.2245818951
w33uw,w33,526.4368965329788,1094.9946034368093
w34uw,w34,479.5781512085684,965.748588863328
w35uw,w35,463.05506334829033,1470.3674051666658
w36uw,w36,444.5235991208334,1605.779975295847
w37uw,w37,439.2258640692094,1165.3625050077617
w38uw,w38,511.9347327995927,1066.715157467606
w39uw,w39,417.9018120071341,886.5631155718722
w40uw,w40,440.9578932773208,1067.4587242519788
w41uw,w41,457.0959969475949,962.3240819476456
w42uw,w42,465.5800889480054,967.1802607433992
w44uw,w44,451.517981897122,996.4928782423608
w45uw,w45,412.0382842429392,1007.4413348576207
w46uw,w46,366.7805824278024,1295.6147312106114
w47uw,w47,477.2044935461117,992.1625886423512
w48uw,w48,469.2992630432418,1093.734322971059
w49uw,w49,427.2915565562547,961.350519425417
w50uw,w50,487.9980090543714,1328.2250189160093
b01uw,b01,547.4364900372833,1708.6895297411218
b02uw,b02,615.258104436698,2632.663560279402
b03uw,b03,531.3666142669723,2476.3574847435943
b04uw,b04,559.3341780015355,3397.730473458764
b05uw,b05,507.8884329572028,2462.3124755944377
b07uw,b07,750.61047685637,2037.9149303856425
b08uw,b08,470.1305960597888,1663.5438703614875
b09uw,b09,528.8645696414148,1652.979402673496
b10uw,b10,503.0608926877546,2291.8883734033607
b11uw,b11,482.0954730178803,2464.9439246557213
b12uw,b12,514.5662580944106,1519.3872581831092
b13uw,b13,486.3423662959008,2696.199783406488
b14uw,b14,450.2874031136045,2287.1250780819078
b15uw,b15,579.366215685674,1731.7564524666734
b16uw,b16,518.6680134650317,2530.2967030970917
b17uw,b17,525.3492708732905,1729.7503445750935
b18uw,b18,632.3053897907585,2673.3563056806997
b19uw,b19,573.1141031249057,1131.236994063108
b21uw,b21,570.1388023464687,3182.8854776557946
b22uw,b22,528.2753587095348,2648.310338501131
b23uw,b23,562.583705439151,1825.9939655473847
b24uw,b24,461.88513157904833,1965.975298470356
b25uw,b25,443.3347905587436,2092.8681401658573
b26uw,b26,482.3508017339734,2871.1124587861204
b27uw,b27,528.6754331510791,2876.1786132210964
b28uw,b28,445.3307556170955,2091.7460048618705
b29uw,b29,498.2488606423969,1832.1478353242223
g01uw,g01,571.5170030576572,2382.970772276205
g02uw,g02,440.3794193614293,1111.828067861524
g04uw,g04,541.438262282348,1994.667728705614
g05uw,g05,453.0381264439312,1825.0267739914443
g06uw,g06,623.5115429307276,1695.7586949761387
g07uw,g07,562.6453699941503,2379.023250305648
g08uw,g08,528.4992028880721,1821.970441663293
g09uw,g09,639.2368349344715,1647.8812722285045
g10uw,g10,485.4608162051202,1546.757682418803
g11uw,g11,488.37722665638,2302.96213305193
g12uw,g12,639.7592735967468,2306.120618313009
g13uw,g13,545.9833293070767,3384.574057351433
g14uw,g14,519.0905704320608,1272.0812538463572
g15uw,g15,526.5861331949909,2282.843081642142
g17uw,g17,535.782061321377,2525.4166774972423
g18uw,g18,506.9865491838984,1958.80469969736
g19uw,g19,500.49078767272175,1415.4119584785233
g20uw,g20,508.3568312576987,1948.164814329519
g21uw,g21,461.379859978933,1619.5539328138675
