File,group,f1,f2,vowel
m01ae,men,885.5495737130157,2645.9301952510586,ae
m02ae,men,785.8886997281616,2210.1057130107943,ae
m03ae,men,752.8894019710434,2198.1980240277494,ae
m04ae,men,705.4057411953589,2154.452654030771,ae
m06ae,men,772.66144421464,2179.0989118113635,ae
m07ae,men,652.8362832289073,2169.9768582155352,ae
m08ae,men,708.1943618081966,2154.3718004394714,ae
m09ae,men,645.8049963220234,2139.666994835435,ae
m10ae,men,678.9756219970126,2471.1541425311384,ae
m11ae,men,776.2168046869067,2186.317776907853,ae
m13ae,men,850.2269283971078,2210.214835259714,ae
m14ae,men,648.805919521246,2282.1602303892205,ae
m16ae,men,730.1208513991058,2380.673019743851,ae
m17ae,men,726.4005377888393,1630.2953989733994,ae
m18ae,men,635.9580690196276,2301.6400060162637,ae
m19ae,men,719.2128852398345,2291.1257651297515,ae
m20ae,men,711.7220544402835,2358.3418247582226,ae
m21ae,men,685.0226625701376,2252.105939255431,ae
m22ae,men,714.9550478432611,2268.96051839958,ae
m23ae,men,677.8718642128039,2306.359525315452,ae
m24ae,men,721.0733994466781,1876.7995404218238,ae
m25ae,men,628.2949492523926,2071.1734670093206,ae
m26ae,men,750.0289351371183,2518.220357893212,ae
m27ae,men,713.0977168173994,2350.133393023848,ae
m28ae,men,789.1674125170364,2298.7957652737696,ae
m29ae,men,745.3007067288648,2587.7823959911807,ae
m30ae,men,648.9972341597428,2083.3512537588595,ae
m31ae,men,671.4632349483206,2162.5570290016044,ae
m32ae,men,675.7664094933241,2079.267655705736,ae
m33ae,men,641.2343726561193,2236.4692220395455,ae
m34ae,men,641.4876152022248,2143.1477032859384,ae
m35ae,men,812.7348402513697,2161.0007866778374,ae
m36ae,men,766.3845576498221,2395.767096159672,ae
m37ae,men,754.228632999455,2160.0369433934825,ae
m38ae,men,648.2614167937566,2381.7891350043506,ae
m39ae,men,732.7304115158772,2467.4305649917314,ae
m40ae,men,605.9952947517431,1905.8953623971381,ae
m41ae,men,684.8753806519684,2105.4777736458345,ae
m42ae,men,707.0748453889969,2157.6660073529993,ae
m44ae,men,821.8421144058444,2627.5526919801396,ae
m45ae,men,723.0662888845717,2657.400036862087,ae
m47ae,men,616.8750103753015,2078.155470351283,ae
m48ae,men,604.5572970795245,1871.4230247286343,ae
m49ae,men,736.266745427432,2332.5498169350776,ae
m50ae,men,693.842315842951,2452.3760620672606,ae
w01ae,women,637.0710309518144,1986.5621843280135,ae
w02ae,women,629.3465563235234,2377.317331453443,ae
w03ae,women,789.4920054057162,2683.9031840942707,ae
w04ae,women,730.7799733737627,1992.9095903967882,ae
w05ae,women,577.8647546605636,1129.1998098848035,ae
w06ae,women,716.1287565101549,2477.9566048976744,ae
w07ae,women,714.8203979755697,2242.4626169088606,ae
w08ae,women,650.2396082442642,2509.3127536917154,ae
w09ae,women,732.592394561246,1398.48830778165,ae
w10ae,women,647.7100624575393,2331.3738973762374,ae
w11ae,women,935.8742071624091,1938.073416403015,ae
w12ae,women,691.3775772184274,2471.1448624349828,ae
w13ae,women,733.8460837538233,2522.0981292417932,ae
w14ae,women,704.9096215190249,2269.545511932999,ae
w15ae,women,646.5839612400002,2301.985738320859,ae
w16ae,women,676.4805609782532,2353.8950190828027,ae
w17ae,women,694.9358660558989,2235.9396279794523,ae
w19ae,women,719.5328593777394,1959.4604105127737,ae
w20ae,women,651.3793583827228,2383.633063776058,ae
w21ae,women,651.7071072638578,2152.7960821166353,ae
w22ae,women,567.8503787044776,2273.1749375124687,ae
w23ae,women,677.3276002728547,2259.0199835083467,ae
w24ae,women,742.9711841457527,2263.4088235223276,ae
w25ae,women,669.9201311043439,1080.2652394006473,ae
w26ae,women,765.6667618219734,1978.8154022941949,ae
w27ae,women,843.1890307036966,2722.4625197156442,ae
w28ae,women,650.8779007697866,2216.6400582470674,ae
w29ae,women,717.0105927112339,1645.3738982722684,ae
w30ae,women,788.8824496489174,2523.9973837310054,ae
w31ae,women,701.6478713003747,2171.7310789655194,ae
w32ae,women,613.9894711874731,2083.285265143828,ae
w33ae,women,735.503909942979,1523.1255304751353,ae
w34ae,women,630.8405386661525,2636.60556172664,ae
w35ae,women,711.0206376222392,2429.455180971518,ae
w36ae,women,742.7339541133168,2351.8452193380417,ae
w37ae,women,834.2639522884855,1662.109410756638,ae
w38ae,women,659.6674285097369,2204.560125922147,ae
w39ae,women,604.3520746904834,2433.6153843612674,ae
w40ae,women,752.393055079889,2475.093252272719,ae
w41ae,women,625.2099026996117,2560.9192469189275,ae
w42ae,women,639.4957386907917,2293.7011450346536,ae
w44ae,women,728.6694119908788,2312.429689481549,ae
w45ae,women,735.7562023400275,2320.452863084873,ae
w46ae,women,648.6494822404717,2178.9867221230684,ae
w47ae,women,839.2166065560544,2058.405812776561,ae
w48ae,women,680.1038505150167,2461.0591480175617,ae
w49ae,women,732.8707593091367,2350.444922403205,ae
w50ae,women,812.5720750747807,2332.834573900994,ae
b01ae,children,518.6593971934806,2003.5261198210155,ae
b02ae,children,613.2291561447709,1849.5559595739394,ae
b03ae,children,481.28441134927385,2153.4674694921578,ae
b04ae,children,565.0776222530968,2135.8528594414815,ae
b05ae,children,546.2025317758786,2021.620364282612,ae
b07ae,children,686.459411930973,1963.8227435017116,ae
b08ae,children,625.5460588865323,1875.2215928056892,ae
b09ae,children,504.12034577941563,1942.8943943133604,ae
b10ae,children,539.3509342128374,2118.6339616027626,ae
b11ae,children,534.1293368585209,2094.4521188352683,ae
b12ae,children,547.7322517620311,1909.6538667078282,ae
b13ae,children,575.9165678092032,2073.923610419858,ae
b14ae,children,502.4490837418052,1876.8028727690257,ae
b15ae,children,465.66900585158373,2034.5047278559496,ae
b16ae,children,573.8233140731143,1720.8081946718546,ae
b17ae,children,586.012817530394,1931.342176455133,ae
b18ae,children,662.9539747349203,2258.32634539313,ae
b19ae,children,555.3516881627634,2108.6675297461716,ae
b21ae,children,584.146672334639,1872.0907066247541,ae
b22ae,children,520.9162651537761,1992.5234991068776,ae
b23ae,children,643.6153405530758,2159.4645861527993,ae
b24ae,children,423.6068797072956,2087.103366371988,ae
b25ae,children,470.8109724925629,1835.3925316441982,ae
b26ae,children,490.6157229108332,1987.1267962760878,ae
b27ae,children,522.1055070898817,2080.94377163395,ae
b28ae,children,494.15349489451404,1805.7216959001737,ae
b29ae,children,644.278004357133,1921.7667797407862,ae
g01ae,children,582.8637681761761,1956.6297554488228,ae
g02ae,children,584.4694694977351,2417.065396728444,ae
g04ae,children,754.589773206565,2078.4848919277765,ae
g05ae,children,547.0564032471967,2139.5293808145693,ae
g06ae,children,612.3658886132891,1910.9237597857891,ae
g07ae,children,605.3217612131374,2047.6092187802092,ae
g08ae,children,526.7160209808967,2151.7227187804097,ae
g09ae,children,620.4485222833066,1933.9105557283494,ae
g10ae,children,777.5801786519986,2203.6457814228515,ae
g11ae,children,520.5294426873385,1852.5264240020545,ae
g12ae,children,616.5012373609216,2062.248505230174,ae
g13ae,children,587.0111199067132,1973.6614796481283,ae
g14ae,children,556.7589782538089,1850.3683938982763,ae
g15ae,children,707.9196873197498,2013.747881852871,ae
g17ae,children,581.7081507441383,1999.6932318850131,ae
g18ae,children,460.19201874105937,2058.0218897688874,ae
g19ae,children,568.0959300960834,2166.1325036944963,ae
g20ae,children,614.8663587617291,2216.9085884187793,ae
g21ae,children,509.05858599444423,2241.3940667601096,ae
m01ah,men,1047.1213780483558,1713.442114757188,ah
m02ah,men,934.1280737457931,1432.3958970410397,ah
m03ah,men,915.2984413224865,1410.3031539903945,ah
m04ah,men,912.675610959021,1365.9772971321265,ah
m06ah,men,1028.3439772757026,1498.8835185287746,ah
m07ah,men,822.8843618213278,1441.1188159083504,ah
m08ah,men,865.0621782387917,1525.268581811459,ah
m09ah,men,866.5710345362975,1636.8899211256487,ah
m10ah,men,976.5339038559332,1586.364692847668,ah
m11ah,men,945.3372842750163,1647.794177936547,ah
m13ah,men,999.6306173468845,1770.8175592434986,ah
m14ah,men,845.889558146216,1537.358541430228,ah
m16ah,men,893.0678370659316,1625.5069340406185,ah
m17ah,men,700.9174092729802,1095.9851061032982,ah
m18ah,men,858.4456445853733,1534.4982373086116,ah
m19ah,men,945.4374693443306,1618.1589200163455,ah
m20ah,men,967.3538030932323,1942.4972761856357,ah
m21ah,men,956.4574722983064,1707.5788205100778,ah
m22ah,men,909.4941267566578,1578.670184684776,ah
m23ah,men,913.0713825309283,1525.8356694518777,ah
m24ah,men,960.1819729571168,1514.2109463390516,ah
m25ah,men,778.9588146717243,1421.4118888964376,ah
m26ah,men,937.3122599753186,1828.9722262761168,ah
m27ah,men,858.9216913870558,1663.7409274556733,ah
m28ah,men,936.6151131500526,1369.1833667286758,ah
m29ah,men,1069.0939424651915,1832.8025979257197,ah
m30ah,men,776.2006115933281,1518.1633387331988,ah
m31ah,men,788.7863889166462,1591.352980076744,ah
m32ah,men,776.8516240550671,1388.5941328364797,ah
m33ah,men,933.0384287922656,1580.0154281056348,ah
m34ah,men,836.0866864357992,1599.1996313019342,ah
m35ah,men,946.1861852558643,1628.1211055187578,ah
m36ah,men,957.0644428370408,1827.4061941541793,ah
m37ah,men,878.7712187015338,1667.1358666565159,ah
m38ah,men,792.6024815716976,1497.1945100916319,ah
m39ah,men,1116.1481924479606,1709.5162924798385,ah
m40ah,men,740.8581195525613,1354.4787260310984,ah
m41ah,men,839.4704833792363,1600.2699687800603,ah
m42ah,men,938.2662346476092,1526.4839323785943,ah
m44ah,men,1119.1063666247471,1838.5953063447985,ah
m45ah,men,953.1386798612402,1451.3233620601814,ah
m47ah,men,790.0956865369874,1414.9246498532627,ah
m48ah,men,704.0837267524793,1349.6713065750694,ah
m49ah,men,944.8716107794321,1572.3997135616708,ah
m50ah,men,838.980771597145,1760.5761991904174,ah
w01ah,women,900.1808400189005,1322.6510607831096,ah
w02ah,women,874.6731791483418,1650.1653260902992,ah
w03ah,women,1129.0491251908975,1789.5962049935822,ah
w04ah,women,776.2415257669556,1421.7632264363742,ah
w05ah,women,853.6746081052656,1364.4518312864852,ah
w06ah,women,904.7054538839935,1588.5591557285745,ah
w07ah,women,902.9177153651315,1219.5701734897798,ah
w08ah,women,851.0716829542941,1725.8931590190741,ah
w09ah,women,976.177928164692,1586.0922951464022,ah
w10ah,women,903.150133221691,1590.5325788675123,ah
w11ah,women,988.3883440822477,1587.5529359327322,ah
w12ah,women,926.5044616005205,1711.4874719054012,ah
w13ah,women,1007.7382964260563,1712.8220498387939,ah
w14ah,women,870.0649060485412,1450.960289464776,ah
w15ah,women,940.5244073042446,1653.6064249201395,ah
w16ah,women,958.2454889263128,1667.4359626546118,ah
w17ah,women,970.8450256740881,1704.8165089017864,ah
w19ah,women,932.2113295174327,1657.205501620287,ah
w20ah,women,821.7774992890352,1374.9482956379177,ah
w21ah,women,796.5322034853383,1522.5607114319225,ah
w22ah,women,930.9085048581056,1412.3002630133417,ah
w23ah,women,900.7455963608103,1549.3096913864963,ah
w24ah,women,1050.2704849192937,1689.1233489729732,ah
w25ah,women,910.5035266539439,1301.5074620179796,ah
w26ah,women,836.8994614275607,1445.013975076578,ah
w27ah,women,1007.7911341213274,1993.3656265256868,ah
w28ah,women,876.2396692028242,1564.0497856034565,ah
w29ah,women,956.2026128927964,1484.4046544000344,ah
w30ah,women,1018.6958877688872,1742.6547708494256,ah
w31ah,women,893.0746014233601,1635.4005668617644,ah
w32ah,women,660.883547149555,1285.070028480504,ah
w33ah,women,985.3056762081027,1261.8351547617976,ah
w34ah,women,997.1096979066366,1634.6223782833968,ah
w35ah,women,1040.3609288623738,1584.6865462875226,ah
w36ah,women,930.460897441804,1627.6278003285006,ah
w37ah,women,810.4212171653837,1298.4524886671004,ah
w38ah,women,955.6148113414386,1633.1800573039516,ah
w39ah,women,958.1909669847785,1435.3800645263473,ah
w40ah,women,845.3691332109456,1502.4399422521678,ah
w41ah,women,895.9963246136858,1534.3786041006506,ah
w42ah,women,993.4925761932261,1792.9975444567947,ah
w44ah,women,978.4124937349511,1625.715977483873,ah
w45ah,women,1011.8634337966953,1565.4375618499262,ah
w46ah,women,940.3579161192666,1535.1953643641132,ah
w47ah,women,966.6830780507747,1546.0693839221556,ah
w48ah,women,880.7973432233849,1631.5525380882286,ah
w49ah,women,978.7191135655888,1157.6181180423773,ah
w50ah,women,942.3404697163181,1533.7979135184244,ah
b01ah,children,776.1258185991289,1432.344664661374,ah
b02ah,children,774.1422471219977,1268.258718928053,ah
b03ah,children,952.0850060655796,1422.1075133748268,ah
b04ah,children,841.436696184027,1635.186819932428,ah
b05ah,children,812.4088783453483,1516.6530765084633,ah
b07ah,children,852.7359671623343,1503.3283640987179,ah
b08ah,children,752.8302667988149,1760.755466375318,ah
b09ah,children,731.6248635531003,1175.6558655734912,ah
b10ah,children,954.913828093066,1532.5183569690694,ah
b11ah,children,736.7828835037392,1361.320374722958,ah
b12ah,children,741.7927864677755,1422.1746781683073,ah
b13ah,children,827.4226497794672,1396.642187900988,ah
b14ah,children,730.3947906635423,1151.3996523814135,ah
b15ah,children,678.9741345421663,1525.2743511888073,ah
b16ah,children,684.4306617397089,1283.355159001588,ah
b17ah,children,804.8999416959846,1351.4111153648594,ah
b18ah,children,985.495187147076,1607.3863702054243,ah
b19ah,children,744.0118978401388,1591.2165820171072,ah
b21ah,children,887.5717548070211,1606.4569637002598,ah
b22ah,children,947.1784757565465,1434.9902433750306,ah
b23ah,children,924.6055061222095,1379.1839530031282,ah
b24ah,children,865.89204952691,1211.6919533390046,ah
b25ah,children,684.5252218989043,1625.2038858828882,ah
b26ah,children,627.715356602863,1150.7594026092586,ah
b27ah,children,1042.1291861641337,1446.0636181848336,ah
b28ah,children,797.0672723166017,1567.4539976632655,ah
b29ah,children,872.3321198306766,1707.6640138700038,ah
g01ah,children,886.7846436523647,1570.4564940503471,ah
g02ah,children,899.5424439576652,1569.8029235731,ah
g04ah,children,825.1539048958577,1451.9689874332373,ah
g05ah,children,799.0667136063174,1512.4338890069666,ah
g06ah,children,817.0946031090186,1216.1587182650353,ah
g07ah,children,748.2390642012689,1577.5855307302759,ah
g08ah,children,723.8977831241139,1432.0175967571247,ah
g09ah,children,953.6757185150472,1386.0520203347703,ah
g10ah,children,808.5222263824813,1565.4216294027813,ah
g11ah,children,843.4360204835655,1162.6392564170612,ah
g12ah,children,833.2575544364131,1483.3298475605488,ah
g13ah,children,722.002312670641,1388.8457935713834,ah
g14ah,children,725.4401840314986,1121.961311839856,ah
g15ah,children,1214.624261128823,1474.3605340907486,ah
g17ah,children,862.8431059604811,1400.1752026561082,ah
g18ah,children,721.91458903273,1462.659726302487,ah
g19ah,children,845.7955607178787,1659.0705974837183,ah
g20ah,children,798.4365718259716,1215.514630315066,ah
g21ah,children,743.6127551604777,1217.964370512603,ah
m01aw,men,904.3956646771303,1369.180658323493,aw
m02aw,men,772.3564735423608,1101.220630914144,aw
m03aw,men,804.7927784969544,1172.2688394055867,aw
m04aw,men,748.7179531031375,1095.5158402386273,aw
m06aw,men,924.6989382325553,1138.8715860452855,aw
m07aw,men,714.9584159682073,1069.8979889568436,aw
m08aw,men,757.0291446387976,1248.9981493181485,aw
m09aw,men,711.5048480952386,1225.8175956348568,aw
m10aw,men,803.040332559278,1194.6914350692193,aw
m11aw,men,822.3910299955193,1315.4966315955112,aw
m13aw,men,803.2434440741309,1255.4826694786252,aw
m14aw,men,757.7960243765167,1195.770444925137,aw
m16aw,men,843.8159298865944,1449.2903649894238,aw
m17aw,men,671.604449792672,1032.1922964547648,aw
m18aw,men,782.9867988009429,1188.790941017822,aw
m19aw,men,780.0972195323063,1235.1400082141317,aw
m20aw,men,896.9020411793804,1425.8016999467636,aw
m21aw,men,790.684328741,1291.6293465529186,aw
m22aw,men,796.2118814014295,1304.7436195789069,aw
m23aw,men,777.8128217736869,1155.2981842099937,aw
m24aw,men,826.0858460890684,1323.6065425904862,aw
m25aw,men,692.9841904458339,1106.347683133979,aw
m26aw,men,865.3441070605784,1389.5255302665628,aw
m27aw,men,793.4469538308247,1253.242817194539,aw
m28aw,men,771.0148854939946,1230.2679555869197,aw
m29aw,men,908.3159825149235,1383.5667816403532,aw
m30aw,men,705.0911817416617,1195.2087111211388,aw
m31aw,men,700.5799983751898,1229.18288231571,aw
m32aw,men,671.0955639276268,1069.937167248364,aw
m33aw,men,743.0650203500987,1207.6288652670773,aw
m34aw,men,727.4722563252556,1186.454829886201,aw
m35aw,men,837.0474081189269,1360.6690234366579,aw
m36aw,men,857.9642158762888,1412.7043701656517,aw
m37aw,men,747.612853016336,1228.9595863189033,aw
m38aw,men,727.605535605638,1258.7481893807546,aw
m39aw,men,802.6597574271026,1161.7836769073153,aw
m40aw,men,624.9974838484824,1129.4834325270842,aw
m41aw,men,816.7995341617044,1294.5304137173723,aw
m42aw,men,764.5196159067292,1160.284226565073,aw
m44aw,men,946.0262082804232,1424.5354933901936,aw
m45aw,men,787.9270361438448,1184.7810035911473,aw
m47aw,men,703.192190732727,1188.4849991831034,aw
m48aw,men,617.1672077428609,1091.4241963599643,aw
m49aw,men,773.3636864993881,1130.4467236149649,aw
m50aw,men,812.7658833814157,1390.1810262924294,aw
w01aw,women,728.8978475921699,1107.1713338086354,aw
w02aw,women,748.6198655584423,1233.816967190847,aw
w03aw,women,869.0184504207848,1210.2055899861307,aw
w04aw,women,741.5706011452852,1204.6861368165405,aw
w05aw,women,803.1189461861451,1237.1336107078423,aw
w06aw,women,884.2339432762587,1390.5966876872533,aw
w07aw,women,771.7005204399261,1116.4826375425775,aw
w08aw,women,840.1465509651536,1449.798351411853,aw
w09aw,women,884.717050407997,1179.1632750948704,aw
w10aw,women,813.940209948544,1271.1501250478586,aw
w11aw,women,799.0995555166156,1223.8109309324689,aw
w12aw,women,825.6116015306396,1260.9666259231565,aw
w13aw,women,815.192092526001,1340.3006263917725,aw
w14aw,women,703.3954038845417,1068.6356619447233,aw
w15aw,women,781.4166023833712,1226.772081036261,aw
w16aw,women,852.9276283376436,1193.6884275836446,aw
w17aw,women,813.2182380920165,1229.0288230337922,aw
w19aw,women,806.9981163688394,1191.5854066220702,aw
w20aw,women,720.3344117049057,1163.3726729296015,aw
w21aw,women,735.9543203969492,1214.9069807910064,aw
w22aw,women,699.8584038428681,1077.1954152820106,aw
w23aw,women,800.7090260876878,1264.0483454055939,aw
w24aw,women,906.4151327493072,1508.3181759496592,aw
w25aw,women,803.4974082098353,1285.8187828378636,aw
w26aw,women,687.762939480582,1098.1246898854454,aw
w27aw,women,947.0905123941717,1401.5649558052996,aw
w28aw,women,840.5510078796084,1478.1369968847748,aw
w29aw,women,727.5434706602643,1072.9442615551468,aw
w30aw,women,925.8695835212219,1339.7824119067623,aw
w31aw,women,794.6149812746161,1293.3299349521662,aw
w32aw,women,701.803576002353,1127.4728401677746,aw
w33aw,women,931.4962264303656,1443.2967516708375,aw
w34aw,women,824.4677678562786,1204.548921902593,aw
w35aw,women,824.8160483722612,1263.3623856838863,aw
w36aw,women,824.8225831271541,1216.6896394611583,aw
w37aw,women,762.8865833716015,1056.3972079641844,aw
w38aw,women,813.5247279686455,1232.875724527305,aw
w39aw,women,775.486082950415,1134.2915601039688,aw
w40aw,women,746.1995973149328,1100.7021633569507,aw
w41aw,women,780.0824294924683,1014.2834551001602,aw
w42aw,women,954.697450693164,1421.161708144821,aw
w44aw,women,803.6048313262502,1147.9156763544704,aw
w45aw,women,867.945185284799,1207.4464231520894,aw
w46aw,women,804.3163119002548,1170.5555148756805,aw
w47aw,women,778.8113235027884,1140.8825242125417,aw
w48aw,women,792.0428912502551,1257.1149572717243,aw
w49aw,women,670.6311976159604,1052.9686822909835,aw
w50aw,women,959.3084216165807,1223.3497451661,aw
b01aw,children,710.984047580421,1267.4420783834983,aw
b02aw,children,619.495204889666,966.7330221897323,aw
b03aw,children,786.6207230317143,1460.1446177177024,aw
b04aw,children,737.9423020222101,1177.1748184994317,aw
b05aw,children,658.0169713730309,1473.6817287417782,aw
b07aw,children,848.5037142896061,1260.514857486187,aw
b08aw,children,651.2491411958835,2141.842232181537,aw
b09aw,children,719.7811888227442,969.1347691702274,aw
b10aw,children,605.0185605368918,1074.493240322756,aw
b11aw,children,747.878668080798,1398.7170106248584,aw
b12aw,children,718.6700544321958,1449.36111275142,aw
b13aw,children,721.8709267257058,2106.3058213040918,aw
b14aw,children,682.8482368587214,946.2107241091519,aw
b15aw,children,623.5099189000393,1047.5345371285418,aw
b16aw,children,584.8183908446406,1218.662466540036,aw
b17aw,children,729.4025403114363,1051.3262554800497,aw
b18aw,children,915.6191220157256,1685.1207226694683,aw
b19aw,children,751.1652022466651,1502.5480358309753,aw
b21aw,children,696.2390932376277,1988.4393331726221,aw
b22aw,children,639.6347131619605,1527.2694292559272,aw
b23aw,children,835.7733207153257,909.7841909004285,aw
b24aw,children,686.597394108205,1508.648676664829,aw
b25aw,children,598.6957348839194,1026.6611179467807,aw
b26aw,children,548.8269267867726,1005.9936887328347,aw
b27aw,children,673.705732604964,1042.025658577338,aw
b28aw,children,569.9231621018877,1256.0671807339404,aw
b29aw,children,770.1033661476417,1355.8400596780018,aw
g01aw,children,761.7057794116824,1154.8426367657044,aw
g02aw,children,700.0496234855503,1237.0418093287226,aw
g04aw,children,812.6130733889639,1195.9635669442437,aw
g05aw,children,821.6681490458047,1388.976491746005,aw
g06aw,children,824.8718759263156,962.1675936095926,aw
g07aw,children,679.0780020629236,1270.1665596159883,aw
g08aw,children,657.084506873061,1117.6740744155175,aw
g09aw,children,803.0824827582954,1199.5767615646312,aw
g10aw,children,743.3051015898022,1273.0173296005355,aw
g11aw,children,757.8883635392242,1083.0070487633225,aw
g12aw,children,782.7602983556259,1349.7059782940698,aw
g13aw,children,657.7556009843408,1058.158796755077,aw
g14aw,children,731.2240353958339,902.9206868766917,aw
g15aw,children,899.5703341055511,2539.160145481985,aw
g17aw,children,725.8451584109221,1210.887959811682,aw
g18aw,children,694.6211557072209,1027.5500266738334,aw
g19aw,children,697.3977593279927,1027.8050510000576,aw
g20aw,children,780.9479622631727,1008.2712359212546,aw
g21aw,children,642.1213064154003,1099.7270428148975,aw
m01eh,men,817.6165867575999,2564.4214065518877,eh
m02eh,men,661.7737345862603,2298.27387556843,eh
m03eh,men,683.8808376537274,2105.1464900879528,eh
m04eh,men,762.0909179510944,1778.4902110386827,eh
m06eh,men,661.2954692968688,2139.088457671956,eh
m07eh,men,634.467158946117,2082.0342788069383,eh
m08eh,men,706.951405659682,2043.9038353700935,eh
m09eh,men,659.6060877886324,1983.5908224553757,eh
m10eh,men,755.8199209978346,2166.0684664219807,eh
m11eh,men,686.1099953408897,2008.7966630146618,eh
m13eh,men,739.4909021065004,2271.4909902513427,eh
m14eh,men,678.4418707770092,2096.348286306215,eh
m16eh,men,723.6771410468002,2288.4344354607124,eh
m17eh,men,573.1810669359396,1886.8398456589125,eh
m18eh,men,743.6356051043676,2203.7156372739414,eh
m19eh,men,684.8456590067142,2182.6816728706926,eh
m20eh,men,777.9392130827958,2279.7832538626767,eh
m21eh,men,724.3998177451693,1986.1258685927235,eh
m22eh,men,720.0230392281054,2022.5688437212805,eh
m23eh,men,726.6150839809216,2053.778221966003,eh
m24eh,men,742.9810864414463,2234.2600980776183,eh
m25eh,men,644.9337847116418,1989.0903135077892,eh
m26eh,men,817.6804901169501,2233.637930727632,eh
m27eh,men,763.0564526403,2212.650361530451,eh
m28eh,men,787.4970590400552,2222.9701790520726,eh
m29eh,men,787.2188215314077,2345.742175194435,eh
m30eh,men,648.6736855746682,2009.2201534285546,eh
m31eh,men,642.9722676071589,1943.2714563674922,eh
m32eh,men,652.0311993401563,1965.8351484281181,eh
m33eh,men,671.250774617679,2017.4778168737382,eh
m34eh,men,637.6788028393262,2024.938046530005,eh
m35eh,men,666.5162411712707,2256.5337630182203,eh
m36eh,men,755.6811631650518,2432.8313673692937,eh
m37eh,men,726.2774084255939,2098.140210859258,eh
m38eh,men,686.5605675708048,2034.1187103667062,eh
m39eh,men,772.7308464183309,2258.2568710587284,eh
m40eh,men,613.2294767845503,1927.4880824185266,eh
m41eh,men,676.4463590495156,1920.1870857471445,eh
m42eh,men,695.5574874215603,2055.9056275082576,eh
m44eh,men,782.4850451683703,2395.4088985033545,eh
m45eh,men,795.6732018605728,2574.9041343476465,eh
m47eh,men,622.9628545239286,1882.3069251868046,eh
m48eh,men,591.592280160867,1845.5261696131702,eh
m49eh,men,663.7573289900636,2392.295396963341,eh
m50eh,men,694.8540619652201,2287.2140150377845,eh
w01eh,women,697.9128932089566,1823.8072427838254,eh
w02eh,women,724.6798730066654,2101.1996806974303,eh
w03eh,women,811.1431814872087,2259.4858313452023,eh
w04eh,women,677.6652171282224,1897.6301954457897,eh
w05eh,women,722.442882596281,1780.8078218949067,eh
w06eh,women,792.65352720202,2087.507344248903,eh
w07eh,women,735.0492657569845,2087.8056989700985,eh
w08eh,women,749.2201271431469,2112.7828712700075,eh
w09eh,women,752.3265131878383,2262.654730011571,eh
w10eh,women,733.0383143004965,2114.4217737592776,eh
w11eh,women,827.0014397563407,2115.2730036624116,eh
w12eh,women,698.2761365250827,2349.623532641426,eh
w13eh,women,750.5807633423543,2373.259723853504,eh
w14eh,women,801.2434736236245,2149.3934808693984,eh
w15eh,women,726.2341785933194,2025.7562610915766,eh
w16eh,women,740.8844418996479,2002.1586162119033,eh
w17eh,women,784.4370877866759,1999.4404593943254,eh
w19eh,women,764.1309007830054,2005.642225538248,eh
w20eh,women,729.5081771752656,2208.5804386614445,eh
w21eh,women,759.8446419671496,1925.950002321972,eh
w22eh,women,578.2720737900787,2041.2465799684628,eh
w23eh,women,750.659921816768,1851.875877396123,eh
w24eh,women,842.0774358404445,1690.562040551733,eh
w25eh,women,786.1261620614929,1994.8849939911468,eh
w26eh,women,626.9074664547813,2095.813544235884,eh
w27eh,women,851.995530700703,2309.9638780474465,eh
w28eh,women,688.683928141511,1990.0422035695183,eh
w29eh,women,610.787110382363,2435.919703270719,eh
w30eh,women,948.8548225857014,2207.866993721283,eh
w31eh,women,598.7272287326048,2169.2437876030067,eh
w32eh,women,687.4973276536945,1485.0986444793948,eh
w33eh,women,905.8382208460716,1692.9784182935744,eh
w34eh,women,830.5111057665227,2041.6826316739518,eh
w35eh,women,741.4560317000473,2130.9036731095753,eh
w36eh,women,765.8943012204178,2004.7628895438809,eh
w37eh,women,686.5136802652972,2107.7237785225116,eh
w38eh,women,703.6798819243253,2033.8156399301959,eh
w39eh,women,736.4917066566697,2066.337864795579,eh
w40eh,women,758.5152963288646,2202.876237266287,eh
w41eh,women,689.5597009178309,2234.5422687865116,eh
w42eh,women,704.8336235590165,2122.8059117280714,eh
w44eh,women,764.4431190699961,2059.8223349062923,eh
w45eh,women,837.926546835579,2160.4373772260365,eh
w46eh,women,695.5028228484236,1683.532336711534,eh
w47eh,women,755.8316647550864,1916.2216228168325,eh
w48eh,women,732.8740553048948,1988.7933834060927,eh
w49eh,women,732.0692651221533,2225.521212914964,eh
w50eh,women,886.248765655891,2104.070507793514,eh
b01eh,children,566.177430030916,1712.172769715944,eh
b02eh,children,494.12697660308686,1708.4987570355572,eh
b03eh,children,576.5975266715825,1824.0212749737373,eh
b04eh,children,580.8318543041391,1973.9476916942258,eh
b05eh,children,573.7344595873797,1690.973498376751,eh
b07eh,children,771.9351737888041,1868.9999716913474,eh
b08eh,children,452.0270400129738,1908.0933114834666,eh
b09eh,children,531.3050065904796,1679.4366200843042,eh
b10eh,children,527.2780620934152,2044.0317819535496,eh
b11eh,children,665.4703438818317,1793.3508626325904,eh
b12eh,children,554.7248241339867,1778.7423491090221,eh
b13eh,children,534.10249919026,1843.2596784276047,eh
b14eh,children,559.7576000411659,1644.1864508291899,eh
b15eh,children,561.350994006535,1719.2466473339014,eh
b16eh,children,474.39952288014723,1818.1661678130931,eh
b17eh,children,605.256370398605,1655.9300079468983,eh
b18eh,children,678.4270519816225,1866.9877320123935,eh
b19eh,children,495.393227524478,1947.3378969903451,eh
b21eh,children,533.9078385283022,1671.1270726613184,eh
b22eh,children,562.8215069371502,1751.3566946572814,eh
b23eh,children,833.7051763590828,1941.968931689708,eh
b24eh,children,546.8983374687608,1752.1549400461995,eh
b25eh,children,542.1956146589098,1730.934151050324,eh
b26eh,children,525.0386744947821,1747.8461349255767,eh
b27eh,children,589.6232793684126,1871.7497010318514,eh
b28eh,children,537.9449827837402,1675.5867420256182,eh
b29eh,children,648.4687707313973,1850.4771804471743,eh
g01eh,children,575.4909822135863,1922.4073668569351,eh
g02eh,children,761.4715527504334,1868.828967960939,eh
g04eh,children,634.2820984564484,1978.7221845573783,eh
g05eh,children,641.673792903695,1848.5941575572162,eh
g06eh,children,546.1513186964725,1771.3828185236766,eh
g07eh,children,542.0167961085244,2011.3972102940982,eh
g08eh,children,549.5059477300656,1872.2426285184752,eh
g09eh,children,630.7903889493676,1961.3915272102615,eh
g10eh,children,679.3897122544647,2046.2298028370749,eh
g11eh,children,555.0526508870425,1676.5976054418413,eh
g12eh,children,622.0270350976251,1896.894952312461,eh
g13eh,children,601.0513363979215,1917.943284603467,eh
g14eh,children,467.31082992719274,1878.5913515266038,eh
g15eh,children,701.6851524662112,2077.4548643713483,eh
g17eh,children,698.3354163668411,1820.3241817222738,eh
g18eh,children,555.3659616271528,1926.9971092435449,eh
g19eh,children,639.9579617067432,1818.6784319187973,eh
g20eh,children,693.592289646056,2058.8319225943264,eh
g21eh,children,571.440713288022,1906.9192338807222,eh
m01ei,men,666.0903718888165,2840.4630199598937,ei
m02ei,men,572.1527576505761,2514.982837564191,ei
m03ei,men,552.0526296754481,2465.480606247971,ei
m04ei,men,564.6093582956933,2036.16367151484,ei
m06ei,men,590.1972737444502,2370.6799763068793,ei
m07ei,men,590.1040301076289,2395.682172930879,ei
m08ei,men,627.5712542336953,2270.784773727014,ei
m09ei,men,534.602694014198,2229.7909398319994,ei
m10ei,men,558.5157191069484,2533.647827602018,ei
m11ei,men,511.05525786175025,2433.5863780942946,ei
m13ei,men,566.6790621114151,2560.466717329394,ei
m14ei,men,598.5271160563274,2487.436120707598,ei
m16ei,men,647.2129309831108,2484.394959965843,ei
m17ei,men,471.71055595802227,2155.4130618346626,ei
m18ei,men,570.9126953442219,2469.291425854853,ei
m19ei,men,594.2675650591688,2593.84532902433,ei
m20ei,men,704.9461237588479,2530.6686004280004,ei
m21ei,men,522.7373518981467,2551.0741720739584,ei
m22ei,men,567.0883543149371,2325.444154747232,ei
m23ei,men,541.6860860452585,2395.768740298914,ei
m24ei,men,643.0351366974106,2053.5699575319686,ei
m25ei,men,550.78419953413,2251.6058214578443,ei
m26ei,men,684.3246488465838,2518.299065154826,ei
m27ei,men,564.4034428970649,2510.2315835963414,ei
m28ei,men,566.2497992829828,2628.886499913298,ei
m29ei,men,522.9364195663795,2891.0752960592104,ei
m30ei,men,436.01976704022286,2696.80028476657,ei
m31ei,men,520.9735851315035,2298.7633221365527,ei
m32ei,men,566.9166299058138,2305.7492694086327,ei
m33ei,men,540.7767780739008,2369.17540330352,ei
m34ei,men,553.9103862632784,2432.4589031468586,ei
m35ei,men,572.6804406670702,2502.1155220855185,ei
m36ei,men,622.5278373261553,2606.2512255772685,ei
m37ei,men,618.9513375937026,2384.8923976871556,ei
m38ei,men,545.1433900516832,2360.470793278639,ei
m39ei,men,554.6699871929245,2695.9823049773595,ei
m40ei,men,524.5419190659023,1978.3021201870552,ei
m41ei,men,594.8683373239714,2274.0008765052967,ei
m42ei,men,630.9624445621096,2212.5948526881393,ei
m44ei,men,700.4516854395945,2758.1429390486287,ei
m45ei,men,610.383995975402,2762.706662077589,ei
m47ei,men,562.020667900259,2157.554342012739,ei
m48ei,men,508.9203322991975,2079.15626377193,ei
m49ei,men,535.2823668856254,2662.5611246330886,ei
m50ei,men,587.4165721311102,2561.82135513373,ei
w01ei,women,461.36777785336807,2272.0642009366497,ei
w02ei,women,467.870795575517,2572.015523582602,ei
w03ei,women,703.7567178969017,2746.3465826395177,ei
w04ei,women,581.0227954028801,2288.677849321585,ei
w05ei,women,452.0642186276124,1855.6792167166695,ei
w06ei,women,512.3311244527669,2705.0434454670576,ei
w07ei,women,545.189770927052,2475.0036343334236,ei
w08ei,women,520.4774078513922,2648.272639368487,ei
w09ei,women,554.6760599848483,1920.827906001716,ei
w10ei,women,485.1949671389763,2544.5257029103727,ei
w11ei,women,637.203270811029,2492.6175849791334,ei
w12ei,women,531.665221986544,2416.655968520884,ei
w13ei,women,689.3899701681815,2723.428671558152,ei
w14ei,women,558.7425313239227,2398.906257794376,ei
w15ei,women,528.5958716083231,2501.431396522723,ei
w16ei,women,585.235605006464,2533.9646332924267,ei
w17ei,women,568.4339667385533,2563.1132532481274,ei
w19ei,women,647.5724611271839,2417.952946454422,ei
w20ei,women,589.5809630171017,2464.578050769047,ei
w21ei,women,530.610468785736,2256.344305477194,ei
w22ei,women,509.34589384075093,2345.397261939403,ei
w23ei,women,516.0263166141166,2407.833119589269,ei
w24ei,women,615.7520577242559,1995.134940382746,ei
w25ei,women,602.5562604815791,2416.492912400233,ei
w26ei,women,476.0630191182275,2431.5614960973458,ei
w27ei,women,640.8679018327952,2811.2721152743584,ei
w28ei,women,537.6943523962392,2450.673586025386,ei
w29ei,women,550.8922309208708,2284.7277734400495,ei
w30ei,women,525.804531844811,2831.242641801624,ei
w31ei,women,496.8666502919815,2468.2607266017426,ei
w32ei,women,545.874881817846,2065.201782989035,ei
w33ei,women,532.5691698674813,1964.0377269317073,ei
w34ei,women,453.7684628420262,2707.440120974048,ei
w35ei,women,640.1130100783137,2639.149583872029,ei
w36ei,women,579.1593216362191,2264.887913228196,ei
w37ei,women,514.8365742569968,2533.101556050798,ei
w38ei,women,619.0009275960808,2438.859672356228,ei
w39ei,women,453.06010215913403,2029.8831897004436,ei
w40ei,women,602.9845454461043,2410.80600511759,ei
w41ei,women,547.2318712095343,2661.200927754949,ei
w42ei,women,549.433844554546,2399.0938332799324,ei
w44ei,women,494.0322986188622,2468.0549366610207,ei
w45ei,women,644.7327277905464,2616.389428816146,ei
w46ei,women,495.8533658861418,2614.4136579865335,ei
w47ei,women,487.6869370371439,2679.4003731099183,ei
w48ei,women,585.4748963574842,2388.5558053077552,ei
w49ei,women,466.99913672859725,2731.0134573322002,ei
w50ei,women,677.8270746502134,2647.618292711937,ei
b01ei,children,466.6630192228723,2204.8706139291216,ei
b02ei,children,410.8235824583952,1961.9033300419617,ei
b03ei,children,455.34367125257535,2172.2600017423874,ei
b04ei,children,482.55303852446895,2038.3267593961093,ei
b05ei,children,451.7993955600295,2106.8485809246877,ei
b07ei,children,552.4657337053592,2393.4806572809534,ei
b08ei,children,497.03685947440385,1872.0991848275296,ei
b09ei,children,614.1980902289586,1960.5955591830345,ei
b10ei,children,572.5158208366076,2315.2292708231216,ei
b11ei,children,476.20350539281173,2168.2501089965344,ei
b12ei,children,443.40917301119725,2046.5276810336761,ei
b13ei,children,454.3862343333255,2112.720470171521,ei
b14ei,children,372.3281533040843,2125.228376719986,ei
b15ei,children,430.4749136094153,2154.5709835033567,ei
b16ei,children,437.26758624489173,1969.7921976800785,ei
b17ei,children,421.7533219957223,2098.0929266957264,ei
b18ei,children,582.3459352627782,2257.2010687263355,ei
b19ei,children,473.9278649067689,2098.6111268407844,ei
b21ei,children,384.52283327023565,2110.860851398403,ei
b22ei,children,449.6502049186208,2090.7196808698054,ei
b23ei,children,477.4564444410536,2292.9624898761617,ei
b24ei,children,440.60715242259283,2050.4365362406106,ei
b25ei,children,384.48753845780357,2014.7767448783193,ei
b26ei,children,480.73127881211684,2053.224481898306,ei
b27ei,children,406.0118779141473,2344.3251835293763,ei
b28ei,children,395.21717612991375,1875.2771573532066,ei
b29ei,children,519.1980738353262,2181.361453846814,ei
g01ei,children,400.078792578537,2208.649987954187,ei
g02ei,children,544.4073663411195,2317.5279447380067,ei
g04ei,children,464.83482011185447,2215.8769322556514,ei
g05ei,children,530.3380084680298,2161.246973735469,ei
g06ei,children,450.61258544815814,2157.0280893515023,ei
g07ei,children,507.04875882197774,2177.795658397164,ei
g08ei,children,403.4494484577515,2181.8503960313587,ei
g09ei,children,462.99549077956874,2287.8281742089366,ei
g10ei,children,557.1195505610963,2422.6137731676154,ei
g11ei,children,402.94894174377197,2020.5478514720355,ei
g12ei,children,496.13969075953025,2277.7545482925675,ei
g13ei,children,431.39634522623624,2152.3866346965415,ei
g14ei,children,475.41845537092496,2071.8336160826766,ei
g15ei,children,426.2126681550426,2227.1729828612515,ei
g17ei,children,478.4797639495412,2102.0676087941356,ei
g18ei,children,435.2860957336726,2423.6352415640768,ei
g19ei,children,470.0487306970767,2175.699447400561,ei
g20ei,children,497.35562705036284,2289.0694915198283,ei
g21ei,children,630.7201698045747,2275.0602806285915,ei
m01er,men,689.2728002046364,1869.765661322518,er
m02er,men,546.7217349764263,1605.1729342087374,er
m03er,men,584.1457002065945,1515.1502853333755,er
m04er,men,531.5303475691302,1377.3752779797883,er
m06er,men,582.5720491483863,1807.1356080666137,er
m07er,men,532.6736400813818,1330.7378941475,er
m08er,men,583.1366612619031,1553.118505196784,er
m09er,men,548.9241108952764,1572.9445026473709,er
m10er,men,582.1136683150852,1663.9717098969068,er
m11er,men,523.2873659467365,1592.7573871155903,er
m13er,men,550.3885660532018,1529.2694354435744,er
m14er,men,583.5586685036368,1629.2545243133152,er
m16er,men,605.3024902686157,1903.860190316633,er
m17er,men,444.26663106243694,1411.9823967974028,er
m18er,men,615.8763649308853,1570.1375408666456,er
m19er,men,604.8550733334379,1586.174124234633,er
m20er,men,614.2468229032436,1864.0940669044587,er
m21er,men,581.9478975985143,1672.6485735644817,er
m22er,men,547.4842578860678,1581.1574773072653,er
m23er,men,582.9976896767911,1411.0337317193025,er
m24er,men,625.056368313574,1561.2436528691082,er
m25er,men,537.9524369787026,1456.8301220773142,er
m26er,men,637.775607988618,1906.3582973277669,er
m27er,men,547.4808206756331,1786.4999851805433,er
m28er,men,603.2355784665036,1672.3360579657447,er
m29er,men,596.4766071462938,1771.9543871080891,er
m30er,men,504.36018281190763,1626.3719145516475,er
m31er,men,486.47467205776763,1409.111317976484,er
m32er,men,538.7483588954532,1413.3615920618583,er
m33er,men,547.151472314726,1442.403461236229,er
m34er,men,539.3637586306623,1643.2435821478732,er
m35er,men,577.0014654595672,1881.6682636833023,er
m36er,men,639.8811253765851,1889.2037276819929,er
m37er,men,556.5835272083796,1660.662829358947,er
m38er,men,536.64073497143,1444.973519508459,er
m39er,men,593.178648597293,1459.0959410827234,er
m40er,men,517.2180658410452,1399.969917221203,er
m41er,men,585.4016696608877,1777.2821525379914,er
m42er,men,630.8554855478606,1459.3409989550862,er
m44er,men,682.960379076618,1872.9324703531975,er
m45er,men,552.4334965971938,1468.9795552654825,er
m47er,men,543.5723237661867,1522.2000220462317,er
m48er,men,488.6464176777081,1447.654149931368,er
m49er,men,540.5490024687516,1574.5546090096211,er
m50er,men,627.2091281474385,1567.672813704156,er
w01er,women,443.61259186043964,1247.7052229211538,er
w02er,women,492.28515390017884,1348.968574485485,er
w03er,women,633.8434983152035,1496.5713592099369,er
w04er,women,577.8655389969299,1583.9736539697883,er
w05er,women,504.1971239120755,1348.0122577793372,er
w06er,women,599.5649251993214,1734.4330657131575,er
w07er,women,569.0383659478567,1538.0386709352886,er
w08er,women,538.9992780637209,1954.1679809919133,er
w09er,women,542.828089544685,1523.0793140563092,er
w10er,women,520.8489860899796,1632.2196572214777,er
w11er,women,612.5839691756389,1469.7276725059971,er
w12er,women,557.7012928347036,1517.90539766052,er
w13er,women,624.5309648478718,1830.6745139230761,er
w14er,women,541.1444944528772,1484.3821940008547,er
w15er,women,499.67738084003867,1653.4466770979009,er
w16er,women,590.0306774254695,1539.0113083432677,er
w17er,women,543.4104843579081,1472.9592561519964,er
w19er,women,564.2975544149937,1370.824094760788,er
w20er,women,536.2739843958653,1534.9674066677057,er
w21er,women,481.37724050717765,1436.0078372721377,er
w22er,women,493.8354857358195,1493.7967442837469,er
w23er,women,526.1904572151223,1632.2615641764144,er
w24er,women,554.3984092340637,1755.4203274882132,er
w25er,women,600.7137927902785,1410.7336385456313,er
w26er,women,543.2878416850866,1493.4850013308205,er
w27er,women,605.3554208845354,1855.2723553631886,er
w28er,women,518.5146944265837,1720.3691869081927,er
w29er,women,619.0226744953703,1398.6441179032372,er
w30er,women,614.8722397387155,1586.425059421401,er
w31er,women,559.5071764452297,1500.6207372115116,er
w32er,women,555.4736548583918,1295.5158464544502,er
w33er,women,648.9068177597002,1775.5485886656986,er
w34er,women,534.1917707068213,1468.3762262131063,er
w35er,women,550.7813542391596,1474.8568108245472,er
w36er,women,521.6821533892175,1460.6571354065807,er
w37er,women,472.2875074271173,1692.0302381537065,er
w38er,women,628.2104632962423,1537.0012562147542,er
w39er,women,538.380894927039,1303.8351101870019,er
w40er,women,607.1576240768684,1457.8316570671009,er
w41er,women,541.7737327565721,1624.9138615776328,er
w42er,women,543.7586205656227,1779.1875543836927,er
w44er,women,515.511944782987,1434.3085325779114,er
w45er,women,594.8030313889192,1795.6660670443312,er
w46er,women,506.90030586584106,1542.3957675289093,er
w47er,women,502.17190320645113,1436.6296802427044,er
w48er,women,707.4216967206056,1611.6651964343903,er
w49er,women,502.7883252401749,1534.9831559973486,er
w50er,women,592.3233544700786,1726.5624615006275,er
b01er,children,547.1730627468331,1455.8073389604551,er
b02er,children,421.69331833205723,1366.6620856999602,er
b03er,children,501.1397839605962,1499.0043145918753,er
b04er,children,488.21881849221086,1656.7074106521154,er
b05er,children,487.14924130929444,1401.1009967019488,er
b07er,children,603.3119823483249,1914.9182588678998,er
b08er,children,386.7445917897522,1318.741046511426,er
b09er,children,434.9578457756948,1401.9565459402606,er
b10er,children,494.6037926616378,1604.6370190506054,er
b11er,children,517.4936108538685,1501.8585790739585,er
b12er,children,464.5916676212491,1468.6160800585112,er
b13er,children,468.87065560549576,1525.9768116375546,er
b14er,children,492.2063912498348,1186.9655101360668,er
b15er,children,436.54806701634385,1442.4409499237947,er
b16er,children,450.83233215997586,1341.3054152004954,er
b17er,children,505.7218940384126,1609.2035464794137,er
b18er,children,568.338108308584,1799.386827948513,er
b19er,children,463.02084560312096,1592.9192667822913,er
b21er,children,409.8547931505539,1383.8103018529155,er
b22er,children,648.0738681210089,1491.7194838868584,er
b23er,children,565.0030713842611,1797.2437835391659,er
b24er,children,567.4729826724197,1280.3246384556994,er
b25er,children,399.91936210032407,1261.6992445529957,er
b26er,children,451.0804138554995,1306.5008166320727,er
b27er,children,507.4479387739038,1508.5377004661227,er
b28er,children,387.11610592437404,1241.0933167911194,er
b29er,children,522.1621380817528,1474.6376170746596,er
g01er,children,621.689149160911,1563.0759414192742,er
g02er,children,540.0283671383689,1594.9267575864849,er
g04er,children,489.6627821844428,1728.348962099108,er
g05er,children,510.54810172465886,1561.7343916012899,er
g06er,children,541.2152948558928,1372.543573107886,er
g07er,children,495.53268489161655,1599.6646476065412,er
g08er,children,447.09780371569985,1217.2875176382174,er
g09er,children,531.1384983749632,1532.283723176802,er
g10er,children,559.2886153656699,1633.1120123862156,er
g11er,children,497.35490169810987,1346.5435445746493,er
g12er,children,526.8298378149127,1545.4359144063644,er
g13er,children,520.6675700144468,1340.4150856305196,er
g14er,children,486.77068811650764,1383.8365334637035,er
g15er,children,803.7613835679451,1440.6332862821687,er
g17er,children,541.6743850443992,1588.985220719238,er
g18er,children,472.41596196600443,1808.6641800321356,er
g19er,children,611.8749193894718,1655.5052098949807,er
g20er,children,530.6728552326663,1343.2974074088227,er
g21er,children,537.8512026746935,1444.449069718936,er
m01ih,men,507.4095680044963,2892.2539648874144,ih
m02ih,men,499.4836934242554,2434.7647334013363,ih
m03ih,men,518.2728870625364,2365.984959240985,ih
m04ih,men,518.2806483246104,2291.0708435938823,ih
m06ih,men,538.4853576872953,2322.344029647561,ih
m07ih,men,463.85276416638806,2361.01819286217,ih
m08ih,men,474.4034838717692,2278.695058992075,ih
m09ih,men,468.25393211613226,2138.8074554540844,ih
m10ih,men,557.6932569450888,2360.7216573177443,ih
m11ih,men,560.4312789538192,2285.7675222815164,ih
m13ih,men,519.0489768083513,2473.67894771523,ih
m14ih,men,526.0466030594175,2470.0594333632066,ih
m16ih,men,558.279074919389,2531.792842540368,ih
m17ih,men,435.156916217833,2149.0304068905975,ih
m18ih,men,597.4023208183578,2350.2233358753165,ih
m19ih,men,565.0701379172821,2481.045483103778,ih
m20ih,men,560.4126100555031,2034.4908487242171,ih
m21ih,men,520.4321716461086,2423.6645303033347,ih
m22ih,men,525.483673030599,2337.0708669401097,ih
m23ih,men,530.6673223508444,2260.236363672902,ih
m24ih,men,618.762573939486,2332.088880511182,ih
m25ih,men,482.9173391463133,2259.278698928706,ih
m26ih,men,592.2649397115214,2614.6435833352925,ih
m27ih,men,546.6755301506581,2374.419759025945,ih
m28ih,men,573.8141557581644,2529.7325224634255,ih
m29ih,men,528.0692099052131,2662.7955606846513,ih
m30ih,men,457.7656503072534,2438.7568355780572,ih
m31ih,men,498.04754214179616,2354.4814556044053,ih
m32ih,men,473.01084135503817,2176.613166765758,ih
m33ih,men,511.01231871567643,2249.0428118304944,ih
m34ih,men,465.26920810241563,2258.7283574853677,ih
m35ih,men,529.6235286538325,2543.487853296812,ih
m36ih,men,567.3763374300136,2564.9491657358963,ih
m37ih,men,541.6155907579209,2290.4954607992745,ih
m38ih,men,481.8921021843054,2455.9331761764984,ih
m39ih,men,538.8125953628947,2539.5480024999697,ih
m40ih,men,423.9209567310446,2034.9346907677793,ih
m41ih,men,528.3328774967796,2204.6559812184996,ih
m42ih,men,548.1894840378819,2240.4908407118846,ih
m44ih,men,605.1758372661682,2746.43645712524,ih
m45ih,men,520.2535716384456,2771.429126463859,ih
m47ih,men,482.48425639116437,2114.937564224284,ih
m48ih,men,420.10935831065854,2027.0312964301627,ih
m49ih,men,497.5993445694149,2693.1203915990895,ih
m50ih,men,560.2491960774263,2523.96180948381,ih
w01ih,women,457.8239333875725,2090.7168081667314,ih
w02ih,women,457.3519997542681,2377.335795627862,ih
w03ih,women,577.9946525573395,2604.9243143690833,ih
w04ih,women,505.229956579128,2258.775653568233,ih
w05ih,women,471.35459772265284,1805.6005523792671,ih
w06ih,women,582.4157643751133,2388.0412697970824,ih
w07ih,women,540.0236532779328,2378.4608918391104,ih
w08ih,women,495.1939371654202,2327.7692961277517,ih
w09ih,women,538.0230764338213,2337.8223143011123,ih
w10ih,women,503.9150405186687,2373.5148452981766,ih
w11ih,women,544.5117685773572,2578.8721810130473,ih
w12ih,women,486.9275546468124,2591.9711681455533,ih
w13ih,women,612.6200029190776,2494.960770420837,ih
w14ih,women,473.68092327798905,2213.619610831568,ih
w15ih,women,490.02732160016615,2173.2084008851593,ih
w16ih,women,472.8656120863819,2462.785975585704,ih
w17ih,women,511.4090015770586,2400.181227558633,ih
w19ih,women,507.94379792260924,2339.4365504628136,ih
w20ih,women,509.49653579713106,2278.156779174735,ih
w21ih,women,481.6159665763921,2214.9070313605166,ih
w22ih,women,432.937847085335,2272.140613284599,ih
w23ih,women,539.3479034659557,2099.028482679751,ih
w24ih,women,528.4436213195879,1516.3263458423924,ih
w25ih,women,584.1880150972909,2367.3666639466855,ih
w26ih,women,468.2049934673494,2340.266531145667,ih
w27ih,women,577.7740298594052,2773.2255840512357,ih
w28ih,women,511.4959225133092,2302.874911092932,ih
w29ih,women,540.2634824131477,2580.073770444222,ih
w30ih,women,545.3189089073101,2614.8187755370413,ih
w31ih,women,429.8863901262126,2227.206438449774,ih
w32ih,women,477.4296447896712,1938.3839059383906,ih
w33ih,women,583.028713715693,1462.7128425203698,ih
w34ih,women,492.1528493000735,2528.108702161449,ih
w35ih,women,476.5937278908231,2573.775203376974,ih
w36ih,women,483.27954632150875,2217.6841829009413,ih
w37ih,women,445.1127033797149,2388.884119758147,ih
w38ih,women,472.30706730017675,2217.990179762187,ih
w39ih,women,456.27253606672946,2608.752496613489,ih
w40ih,women,531.3579702923387,2447.8099334663198,ih
w41ih,women,449.87863448635727,2571.6074361443057,ih
w42ih,women,537.2033832789297,2399.1057935915096,ih
w44ih,women,499.2775511582257,2358.2307141482856,ih
w45ih,women,503.3021422552963,2575.5943665553523,ih
w46ih,women,468.20569792631505,2469.0919143605124,ih
w47ih,women,465.85090299306194,2259.358597472238,ih
w48ih,women,534.0490070593783,2379.9986855177967,ih
w49ih,women,462.05444446046283,2543.645679902874,ih
w50ih,women,538.4817105320583,2547.85539839858,ih
b01ih,children,444.84064075617465,2019.2486006274385,ih
b02ih,children,426.0764419207007,2001.8277672710942,ih
b03ih,children,450.61504808088387,2114.410896584087,ih
b04ih,children,427.1542779572844,1975.7050749473387,ih
b05ih,children,369.05445943920716,1949.402142729033,ih
b07ih,children,542.7356883259008,2073.732629047947,ih
b08ih,children,337.8619525177064,2175.53319891807,ih
b09ih,children,400.9236520348015,1898.0384048408862,ih
b10ih,children,424.08818171344154,2186.3263244147115,ih
b11ih,children,447.2191478185966,2022.6581050649152,ih
b12ih,children,413.04567991606,1961.3079920816374,ih
b13ih,children,391.45712649932926,1979.864275417895,ih
b14ih,children,349.8856425586167,1979.1162383643832,ih
b15ih,children,433.8442370077299,1967.8620208803711,ih
b16ih,children,428.7088353907277,1982.0428873222752,ih
b17ih,children,410.6433751002668,2119.642496693917,ih
b18ih,children,491.63041524965547,2189.0344478657016,ih
b19ih,children,401.03277782030926,2132.5238958066875,ih
b21ih,children,405.29900905557423,2050.595959372686,ih
b22ih,children,420.5967735132278,2040.7277348733421,ih
b23ih,children,451.656826320058,2296.6397498656015,ih
b24ih,children,352.52477863023785,2195.7721708840595,ih
b25ih,children,362.1105748275348,1951.6191848934875,ih
b26ih,children,539.0401174604002,2143.7824603074287,ih
b27ih,children,446.5104628177611,2096.5458321742412,ih
b28ih,children,356.9131542562087,1941.496865207523,ih
b29ih,children,420.3119491108504,2029.6134514312241,ih
g01ih,children,398.80169579202794,2121.908204911287,ih
g02ih,children,623.7133652010216,2291.320795058156,ih
g04ih,children,461.5634024636456,2040.7942752615327,ih
g05ih,children,372.5658061786947,2303.45311909194,ih
g06ih,children,610.8377904276288,2170.940024728293,ih
g07ih,children,466.9670991006329,2220.669089806181,ih
g08ih,children,406.6291353397917,2118.2554364979355,ih
g09ih,children,426.647425127039,2348.560188185786,ih
g10ih,children,435.2603341271593,2433.711727600574,ih
g11ih,children,385.3361377517609,1870.5168292607298,ih
g12ih,children,447.0637806143202,2344.216896228718,ih
g13ih,children,417.14051158052916,2092.3943518464857,ih
g14ih,children,415.45708528852293,2193.321554418076,ih
g15ih,children,398.52702522651236,2224.8387272906357,ih
g17ih,children,419.8324224223464,2100.64927625012,ih
g18ih,children,405.3338181586684,2159.2582862512127,ih
g19ih,children,445.21336613006497,2132.681261232958,ih
g20ih,children,423.31732810473227,2240.0619105363903,ih
g21ih,children,446.9768530648963,2376.2389602467333,ih
m01iy,men,466.20406169858603,3237.9671706543545,iy
m02iy,men,407.40363466178474,2788.550338480042,iy
m03iy,men,449.8310525686654,2768.0611892986385,iy
m04iy,men,417.8751640469838,2631.746285504038,iy
m06iy,men,463.02493219995716,2784.9235946893955,iy
m07iy,men,409.4223395219413,2599.757412083186,iy
m08iy,men,388.7406970316616,2724.595367973976,iy
m09iy,men,422.29340615421495,2363.9462916730786,iy
m10iy,men,420.2909972061984,2762.7345866598143,iy
m11iy,men,392.5660821290712,2631.995844987295,iy
m13iy,men,438.220102130031,2718.958869140304,iy
m14iy,men,404.38260926205487,2853.3650095891253,iy
m16iy,men,427.20893504199825,2970.112492696346,iy
m17iy,men,354.3040257924951,2420.8016598841286,iy
m18iy,men,457.0659623900501,2822.9437577986578,iy
m19iy,men,427.81791854209894,2885.5336040559814,iy
m20iy,men,425.5389550669311,2999.788656859631,iy
m21iy,men,435.43381657615595,2608.0866297889997,iy
m22iy,men,430.4212559944693,2443.0533054990406,iy
m23iy,men,426.4756493986944,2539.695287993014,iy
m24iy,men,470.67805585041765,2511.022747435678,iy
m25iy,men,414.219650301936,2558.7752651774717,iy
m26iy,men,450.1619722543002,2942.0318233839653,iy
m27iy,men,421.41229424073487,2688.238977663997,iy
m28iy,men,439.09103948815755,2776.8318242531627,iy
m29iy,men,432.4328041932411,3046.6350238024947,iy
m30iy,men,424.68835488295184,2756.5418975736097,iy
m31iy,men,370.8598051906249,2588.034333396601,iy
m32iy,men,366.99656573638674,2390.9647531579067,iy
m33iy,men,372.7835417366411,2803.8338809533498,iy
m34iy,men,427.43804168187074,2500.8121280457317,iy
m35iy,men,454.27688647282406,2675.046428832263,iy
m36iy,men,484.8601745692356,2720.86523236366,iy
m37iy,men,517.7604009513663,2617.7592453531506,iy
m38iy,men,362.785055956745,2509.095517219069,iy
m39iy,men,458.469877423679,2691.6923463439152,iy
m40iy,men,366.2234402655591,2411.4068897514994,iy
m41iy,men,492.2825679270133,2637.206419710993,iy
m42iy,men,463.6099847768048,2520.231589578693,iy
m44iy,men,459.46989836887474,3144.779600658507,iy
m45iy,men,484.7257272962039,2729.8618009155316,iy
m47iy,men,381.92247254031366,2419.565928146053,iy
m48iy,men,376.9963410164429,2546.131672275237,iy
m49iy,men,458.59697562200967,3019.4325645723156,iy
m50iy,men,431.2220209213358,2870.628210872428,iy
w01iy,women,420.41919034941805,2610.3240400019345,iy
w02iy,women,428.06318247781536,2799.6417195450026,iy
w03iy,women,435.9513203438277,2994.7448820200275,iy
w04iy,women,407.0288524934718,2609.3093689773123,iy
w05iy,women,375.7372278626579,2534.2506908095415,iy
w06iy,women,494.9158495314368,2854.41124194824,iy
w07iy,women,402.0966716197961,2636.2739453771223,iy
w08iy,women,479.2813369526115,2716.551977483579,iy
w09iy,women,491.1437556090325,2965.802205808058,iy
w10iy,women,497.7451391591864,2963.8234340238887,iy
w11iy,women,446.5812896939725,2892.779998725108,iy
w12iy,women,446.3290537942632,2814.7593824672203,iy
w13iy,women,495.2973594374887,3114.991720474106,iy
w14iy,women,422.5378268094746,2586.9226303344385,iy
w15iy,women,445.4710632333378,2876.0350845226576,iy
w16iy,women,439.4871477931555,2808.533815188806,iy
w17iy,women,446.85980060752155,2749.631903160473,iy
w19iy,women,493.10736559189377,2697.735397669878,iy
w20iy,women,404.8473524509865,2651.249331838618,iy
w21iy,women,450.96837471201286,2556.4592079311587,iy
w22iy,women,408.1892724653048,2446.3896765045038,iy
w23iy,women,431.63728445234307,2553.3867153355254,iy
w24iy,women,532.5688485572108,2949.01800054765,iy
w25iy,women,464.35038331082063,2850.5747794813215,iy
w26iy,women,411.58187847827355,2626.7233129461492,iy
w27iy,women,549.7515403174594,3106.261002340416,iy
w28iy,women,482.5601135392266,2620.523127949013,iy
w29iy,women,523.5162952128076,2385.1040219195374,iy
w30iy,women,499.79116018506807,2948.987222772901,iy
w31iy,women,467.70637294809467,2371.306343165738,iy
w32iy,women,405.466782422277,2552.6921188888155,iy
w33iy,women,517.5174418791051,2275.069623874701,iy
w34iy,women,448.9081089527688,2933.857378352373,iy
w35iy,women,433.1009609612129,2854.720970601421,iy
w36iy,women,434.34692797965863,2640.7889018863266,iy
w37iy,women,388.3849917634167,2725.1254192992274,iy
w38iy,women,439.45176809691856,2848.1820549405506,iy
w39iy,women,432.6621820253479,2684.996576746842,iy
w40iy,women,421.25069895167036,2862.408378400107,iy
w41iy,women,434.5589158710343,2898.187561238154,iy
w42iy,women,507.9886282769612,3010.636107943427,iy
w44iy,women,466.9947006248797,2688.6968689509754,iy
w45iy,women,473.3336585810318,2725.8759107783344,iy
w46iy,women,348.5825331701616,2065.8940297423082,iy
w47iy,women,452.28914460454746,2770.161019956391,iy
w48iy,women,535.1025117063508,2862.2079346750525,iy
w49iy,women,421.5297385065858,2840.685386062809,iy
w50iy,women,466.7923101031071,3015.7496088071844,iy
b01iy,children,436.02628521553135,2533.4787103784784,iy
b02iy,children,324.81910431677085,2361.639357757413,iy
b03iy,children,341.9128456240258,2441.653061443702,iy
b04iy,children,415.32672087575406,2323.7526226631458,iy
b05iy,children,336.4170547771968,2417.912946349917,iy
b07iy,children,455.18852149832776,2661.6123298687976,iy
b08iy,children,314.1773053577999,2371.9691568154694,iy
b09iy,children,381.29917019504603,2151.3287511188737,iy
b10iy,children,369.8779388154611,2586.9234144320003,iy
b11iy,children,352.75415335139246,2494.0123377807836,iy
b12iy,children,392.96601126700284,2375.3424675780993,iy
b13iy,children,357.83564045707897,2265.2546462955756,iy
b14iy,children,309.737578259732,2450.930424810939,iy
b15iy,children,365.66928454443456,2404.9633932162296,iy
b16iy,children,322.3941657600196,2284.5291317585493,iy
b17iy,children,406.4251219373684,2341.867805128625,iy
b18iy,children,481.3359461910431,2574.4920662145523,iy
b19iy,children,358.35785776405197,2481.1787370125717,iy
b21iy,children,315.3920310085806,2287.7968306866733,iy
b22iy,children,421.2792281252997,2434.90977261619,iy
b23iy,children,338.19732164856094,2625.745476451489,iy
b24iy,children,331.21236956694315,2508.8864700328327,iy
b25iy,children,304.2058060983892,2295.6151432952524,iy
b26iy,children,352.77882209139767,2466.143013086872,iy
b27iy,children,424.73810914951633,2460.256771557564,iy
b28iy,children,273.16029221029333,2250.7709309411293,iy
b29iy,children,307.65723051219675,2450.8160337584936,iy
g01iy,children,312.5692740661309,2586.0134447397672,iy
g02iy,children,403.801021904073,2869.70070242214,iy
g04iy,children,355.9013179975941,2729.1352971592,iy
g05iy,children,372.7039197286612,2578.9031543968213,iy
g06iy,children,542.4939573297861,2434.5527383896415,iy
g07iy,children,404.36780474415457,2418.996883286882,iy
g08iy,children,358.58418021764555,2702.506294237887,iy
g09iy,children,396.3055850211614,2644.4223130869336,iy
g10iy,children,380.40113840782965,2848.9917089752703,iy
g11iy,children,338.21847101946156,2213.738236742293,iy
g12iy,children,353.7060134215575,2760.1175132815297,iy
g13iy,children,341.9449430411512,2508.5110419473663,iy
g14iy,children,338.6550521058342,2205.570102996036,iy
g15iy,children,356.23028001402093,2637.7816044486713,iy
g17iy,children,372.17619100433456,2511.272971083541,iy
g18iy,children,346.30854178448493,2640.9216741038017,iy
g19iy,children,371.47050962014055,2468.12065350037,iy
g20iy,children,380.7126071731748,2702.72011274505,iy
g21iy,children,368.77096981734877,2416.810838502149,iy
m01oa,men,693.8770409257554,1330.2730307687173,oa
m02oa,men,662.3272621514207,1136.5650965244997,oa
m03oa,men,623.2265720234202,1099.528405511582,oa
m04oa,men,510.92187219058155,959.0230161749749,oa
m06oa,men,629.7692642767042,1188.618118491686,oa
m07oa,men,571.41304953233,1202.6658329658594,oa
m08oa,men,588.7810583302916,1044.0845223107294,oa
m09oa,men,571.6161160227274,1100.9566995494865,oa
m10oa,men,621.2995895967092,1293.3597464355826,oa
m11oa,men,590.2648944662211,1040.1941778979647,oa
m13oa,men,597.3536494984739,1059.5588352100583,oa
m14oa,men,566.2566257363192,1235.7827481379943,oa
m16oa,men,583.2648623977506,1176.8035049968373,oa
m17oa,men,466.3661474029809,826.4094116053932,oa
m18oa,men,555.6018128424447,964.1241491386683,oa
m19oa,men,671.5120030451466,1224.72788474506,oa
m20oa,men,710.2588218161106,1349.8164852648385,oa
m21oa,men,704.3825834098366,1170.1842573136366,oa
m22oa,men,610.7383546654872,1154.2401181983473,oa
m23oa,men,540.157393197037,936.301287050463,oa
m24oa,men,643.1373886587039,1210.2207754611757,oa
m25oa,men,564.8145353160405,1093.4685346810506,oa
m26oa,men,592.4293134365535,1169.6983216960664,oa
m27oa,men,639.3981515115929,1076.9144242010998,oa
m28oa,men,621.6301946082921,1171.9429878472104,oa
m29oa,men,672.7788178990933,1160.4281892658412,oa
m30oa,men,453.2237170887522,813.9215929575649,oa
m31oa,men,518.3543082933982,961.4959746914717,oa
m32oa,men,521.8344657792171,870.2737472377773,oa
m33oa,men,580.9167517898522,1032.055204873646,oa
m34oa,men,587.5274795156986,1070.9177220370273,oa
m35oa,men,610.7056276386634,1257.8335687436875,oa
m36oa,men,664.2199050820993,1232.888851578875,oa
m37oa,men,551.5656392940288,1104.6764725346704,oa
m38oa,men,626.3342647619493,1230.3723782354,oa
m39oa,men,555.8910466135146,998.5132112342643,oa
m40oa,men,520.5569196284539,934.2685427078836,oa
m41oa,men,650.6442477506916,1211.475432367103,oa
m42oa,men,622.684320239336,998.1911947546921,oa
m44oa,men,780.051341472036,1422.4424089525608,oa
m45oa,men,623.1531683291698,1066.4762054214598,oa
m47oa,men,570.5822169729647,1056.0973812595785,oa
m48oa,men,499.98485832664437,922.5479399522164,oa
m49oa,men,582.466786618733,1137.280996509102,oa
m50oa,men,705.1224364477509,1276.2602121789998,oa
w01oa,women,494.911888535286,1060.0597971590144,oa
w02oa,women,420.75969645176116,990.4607296072745,oa
w03oa,women,707.3676998207666,1269.7696958660206,oa
w04oa,women,600.4762390465717,1240.0674811663366,oa
w05oa,women,430.51659331082476,838.882310137775,oa
w06oa,women,654.5650632360325,1125.0390787942931,oa
w07oa,women,591.7029401917856,999.87988955362,oa
w08oa,women,531.4169295650802,1280.0117961920441,oa
w09oa,women,574.9215844805998,1070.0479516996545,oa
w10oa,women,486.1748155629692,1035.305215330114,oa
w11oa,women,640.8943988543069,1240.5004979905575,oa
w12oa,women,662.9840661549147,1210.1428942903947,oa
w13oa,women,691.2309569742584,1306.2522304474107,oa
w14oa,women,594.1387460101621,961.3371657018092,oa
w15oa,women,480.3285916057204,973.3737499516675,oa
w16oa,women,585.2556842139761,1001.1039821475606,oa
w17oa,women,627.3767089221316,1094.60229276701,oa
w19oa,women,670.357739262205,1209.5764225845032,oa
w20oa,women,532.8388839399454,1042.8814093720696,oa
w21oa,women,486.95646602065807,987.0967807012958,oa
w22oa,women,554.1359487614684,985.4265839790978,oa
w23oa,women,566.0211110814173,1001.1197098289946,oa
w24oa,women,532.7069235848198,1024.2152072500571,oa
w25oa,women,633.0254860083957,1031.4057666476115,oa
w26oa,women,503.21197944077994,987.3659220090515,oa
w27oa,women,636.4929852771353,1081.264682471044,oa
w28oa,women,576.1015023940596,1151.4546302073425,oa
w29oa,women,617.0775548772727,993.1587609978548,oa
w30oa,women,681.6142864011732,1201.604659996773,oa
w31oa,women,592.5754116542613,1018.8204421399276,oa
w32oa,women,469.5620655890912,958.4932972560248,oa
w33oa,women,559.6704609895587,1050.5832368472288,oa
w34oa,women,507.1159982336888,955.857196784287,oa
w35oa,women,694.5177711059831,1255.4713272057397,oa
w36oa,women,605.8119279147016,1060.3355325323867,oa
w37oa,women,543.4822172375456,1143.1062408353648,oa
w38oa,women,637.3446638828309,1090.110274115179,oa
w39oa,women,449.8109487801964,888.7004221003509,oa
w40oa,women,481.35498275672495,873.8052543721772,oa
w41oa,women,458.083830121265,873.5507533252987,oa
w42oa,women,525.2364525358566,1144.2640524842661,oa
w44oa,women,465.4579996145018,923.111084369529,oa
w45oa,women,666.5707164028425,1125.2714737950207,oa
w46oa,women,546.9504148444263,1068.060085826094,oa
w47oa,women,609.0032252107457,1115.7602122671183,oa
w48oa,women,572.3752639642879,1047.4891782186328,oa
w49oa,women,450.6015700071674,841.3893122933672,oa
w50oa,women,777.4389567269876,1374.5555716611634,oa
b01oa,children,649.6873076414166,1117.1663391110762,oa
b02oa,children,465.9235913789834,964.6601184611793,oa
b03oa,children,515.4920397262553,1204.6843339851391,oa
b04oa,children,600.0050590869608,2322.8018589664853,oa
b05oa,children,489.06784528720743,1198.072487020834,oa
b07oa,children,638.5963795042226,1041.0544847023832,oa
b08oa,children,469.2395264125509,1367.0638870299808,oa
b09oa,children,499.806539580627,862.2003215352103,oa
b10oa,children,507.50794495957615,1086.4313787403812,oa
b11oa,children,603.7741308911969,1566.4617388049223,oa
b12oa,children,585.185990640465,2038.2608865441434,oa
b13oa,children,549.4254008978177,2456.176768397695,oa
b14oa,children,508.1218049317206,707.0603915708855,oa
b15oa,children,449.876341074328,880.9377537519534,oa
b16oa,children,452.89163313911325,811.8026979276578,oa
b17oa,children,608.0942399977962,1284.062123380696,oa
b18oa,children,768.2796309031007,1115.3523176029228,oa
b19oa,children,470.4586572477476,1316.4824831026785,oa
b21oa,children,400.4948938925197,630.1089252481227,oa
b22oa,children,691.5481961998262,2121.488006285602,oa
b23oa,children,476.20714157630965,969.1837796899845,oa
b24oa,children,501.3354276727385,803.6015632985104,oa
b25oa,children,487.3143534016136,912.8400061585219,oa
b26oa,children,563.2016952838029,1096.3411394929433,oa
b27oa,children,610.6349885531527,1479.6095072002402,oa
b28oa,children,536.5593860245058,1534.9462340383013,oa
b29oa,children,610.1994244818446,2154.8576593914895,oa
g01oa,children,626.1803095600536,1585.908114698805,oa
g02oa,children,581.2583952901957,995.5570544825034,oa
g04oa,children,683.9767731618031,1826.2830649142647,oa
g05oa,children,608.3976464563434,1231.3564809460622,oa
g06oa,children,446.6962005542186,972.9233611332779,oa
g07oa,children,449.3559146673659,857.0971012513717,oa
g08oa,children,517.5061596739768,932.2091361536194,oa
g09oa,children,494.4904240302898,1013.3091016752744,oa
g10oa,children,694.1039721620905,1365.8988287998586,oa
g11oa,children,414.7146264213458,1123.1434301327865,oa
g12oa,children,541.9917060588899,939.7579465801435,oa
g13oa,children,468.94800390892425,1079.78533629062,oa
g14oa,children,533.0553938217993,2346.741062953439,oa
g15oa,children,637.4493232378036,1828.293707600172,oa
g17oa,children,690.3972737775867,1478.9785210816872,oa
g18oa,children,479.351381603293,1581.0300089856069,oa
g19oa,children,554.9719777206826,1018.8708325311437,oa
g20oa,children,504.22557003593204,1009.2016335551814,oa
g21oa,children,494.8420742669888,865.1901989086873,oa
m01oo,men,635.3654474399933,1375.0745766607783,oo
m02oo,men,541.9923053167834,1216.9127861899847,oo
m03oo,men,594.4120823956671,1306.136419416659,oo
m04oo,men,578.2140484539493,1198.5450263331434,oo
m06oo,men,567.7053573789224,1386.080036229081,oo
m07oo,men,502.4812509729374,1298.0332118308752,oo
m08oo,men,557.1012881850585,1355.6605898191597,oo
m09oo,men,534.6512303517388,1412.7720197061233,oo
m10oo,men,598.2943507686647,1373.710851048002,oo
m11oo,men,544.5371879088278,1438.2658499212293,oo
m13oo,men,563.9272686310069,1279.1379401317238,oo
m14oo,men,530.4017659872065,1469.9407369731261,oo
m16oo,men,598.4460292125016,1559.1719167031756,oo
m17oo,men,472.4187134146318,1029.3734102452433,oo
m18oo,men,569.5571692678025,1347.1929082532931,oo
m19oo,men,596.2252672344483,1368.9983321901025,oo
m20oo,men,587.4896989506425,1582.4830630063998,oo
m21oo,men,560.2013665140171,1385.7264710967418,oo
m22oo,men,535.8197725618594,1364.8635728283652,oo
m23oo,men,580.204516078733,1202.291326013952,oo
m24oo,men,619.0775399395055,1624.9894460483513,oo
m25oo,men,587.9380360704878,1386.836094436825,oo
m26oo,men,659.7289333031691,1568.6190267375955,oo
m27oo,men,589.1491760912672,1275.2403384410993,oo
m28oo,men,541.9250195052532,1203.4061029683116,oo
m29oo,men,630.4415803225764,1641.6108886347354,oo
m30oo,men,490.2644086599165,1247.3959389186878,oo
m31oo,men,516.4191248645483,1196.0321061919153,oo
m32oo,men,539.6497542216381,1162.9142857109857,oo
m33oo,men,553.079216229153,1260.703773933069,oo
m34oo,men,586.5359501757105,1292.8875832398874,oo
m35oo,men,605.3865886771562,1735.9359984141265,oo
m36oo,men,653.4099148090063,1465.0120755257947,oo
m37oo,men,626.6091645555101,1527.6530368123038,oo
m38oo,men,503.5378309349042,1361.0235836242225,oo
m39oo,men,596.3793942220802,1312.3394024612771,oo
m40oo,men,433.7719687041231,1243.4381733153562,oo
m41oo,men,577.0694564036924,1345.759717372604,oo
m42oo,men,599.4160911172988,1391.215192704058,oo
m44oo,men,596.7862439132412,1416.3677425387862,oo
m45oo,men,556.9762520870705,1219.6066907275865,oo
m47oo,men,570.0347526477481,1336.2769638967306,oo
m48oo,men,457.1119758096381,1175.8426178392135,oo
m49oo,men,531.6147088202308,1183.9851945039995,oo
m50oo,men,594.6167855678025,1391.9862252285109,oo
w01oo,women,453.64125206204494,1255.5134537152753,oo
w02oo,women,503.91619310500255,1238.7540587173185,oo
w03oo,women,588.2793590238052,1243.5606074745451,oo
w04oo,women,508.1909143052208,1266.5761440822164,oo
w05oo,women,497.1911455689674,1141.2593989800064,oo
w06oo,women,558.7190405033008,1225.5660878474844,oo
w07oo,women,568.0754304094195,1228.9188934690342,oo
w08oo,women,550.5829558938256,1552.0671315550992,oo
w09oo,women,534.8137369909535,1291.1426569821476,oo
w10oo,women,517.4871195021294,1261.8148608422518,oo
w11oo,women,605.5691252494557,1752.8929030387903,oo
w12oo,women,512.492597560943,1349.9276002368547,oo
w13oo,women,609.7268866418865,1353.5992320734338,oo
w14oo,women,487.93917898135044,1122.3515958596704,oo
w15oo,women,506.68965545858106,1208.4630645894115,oo
w16oo,women,533.1120236692072,1110.0593604581113,oo
w17oo,women,506.0480505550156,1245.6429709051706,oo
w19oo,women,520.3185101727552,1331.8974485505664,oo
w20oo,women,514.8560248988703,1092.0719864286555,oo
w21oo,women,506.46271458366584,1180.3677796816478,oo
w22oo,women,447.78782190357305,1027.1041148854033,oo
w23oo,women,597.2943559077049,1294.8790274153046,oo
w24oo,women,552.7208709830625,1227.3554913308317,oo
w25oo,women,556.2041448345651,1127.2317189548482,oo
w26oo,women,511.1904728873461,1151.5384573631695,oo
w27oo,women,657.1685079724417,1453.163237685017,oo
w28oo,women,520.9255290030964,1384.3982020470282,oo
w29oo,women,585.3617202065002,1117.4810261550517,oo
w30oo,women,582.9655384270906,1472.8392224917663,oo
w31oo,women,480.49990418830447,1151.3811239442157,oo
w32oo,women,490.9619260020282,1044.92651941655,oo
w33oo,women,641.8511541305984,1441.33143518736,oo
w34oo,women,579.5835130587902,1370.605775029204,oo
w35oo,women,555.8755102918238,1345.3808684599996,oo
w36oo,women,468.3006568439238,1365.293124771648,oo
w37oo,women,454.09970019072927,1132.4556501541333,oo
w38oo,women,528.3911423502085,1163.3007894977159,oo
w39oo,women,481.1618570161402,1093.5414113814668,oo
w40oo,women,535.5533493665866,1034.950356392401,oo
w41oo,women,460.6302176193012,1095.5858243585933,oo
w42oo,women,547.2003789088179,1637.486990957492,oo
w44oo,women,534.9540560194812,1193.696511428828,oo
w45oo,women,534.1612528296266,1201.599351341657,oo
w46oo,women,510.74467557570404,1346.131579550924,oo
w47oo,women,499.2162295456959,1117.9905941616407,oo
w48oo,women,564.4567081090939,1173.3597867787764,oo
w49oo,women,513.3616102170467,1108.3901232022606,oo
w50oo,women,608.6707886263337,1292.750054345451,oo
b01oo,children,490.12342252154565,1300.7345630077386,oo
b02oo,children,448.10872656158455,1871.7554598458612,oo
b03oo,children,476.11899214417195,1487.516854595096,oo
b04oo,children,458.6925052374776,1530.4606184588106,oo
b05oo,children,411.3626630906918,1223.6025259639111,oo
b07oo,children,778.6365737649955,2001.1718975887288,oo
b08oo,children,477.63076235640415,1376.9590178570384,oo
b09oo,children,553.0608805060256,1072.2728128686515,oo
b10oo,children,499.00941177140226,1444.2436044255937,oo
b11oo,children,558.5547658352755,1322.0999431057735,oo
b12oo,children,483.2353407912521,1361.6277586052024,oo
b13oo,children,557.4802714414749,2061.3302350035156,oo
b14oo,children,480.1682640792817,1103.3567239877068,oo
b15oo,children,454.57079047673994,1376.4928880203536,oo
b16oo,children,485.8808805934981,1198.020167898839,oo
b17oo,children,481.9525096347815,1520.848168483736,oo
b18oo,children,529.391352666474,1858.8872131656647,oo
b19oo,children,505.8459101365415,1264.9739266252361,oo
b21oo,children,446.2331042138221,1361.9429764519361,oo
b22oo,children,487.16781403685854,1545.0443766161964,oo
b23oo,children,474.64302252008014,1525.5839993913214,oo
b24oo,children,431.88953967789655,1468.17452732554,oo
b25oo,children,453.76272013417275,1795.0308264236003,oo
b26oo,children,470.2176219527803,1047.3849585944167,oo
b27oo,children,511.40594022455195,1198.107351755207,oo
b28oo,children,422.6791966534579,1769.1843589489038,oo
b29oo,children,519.504249554703,1363.3215846165622,oo
g01oo,children,485.18134046904953,1925.2136324086023,oo
g02oo,children,521.7988743492056,1270.5519203977212,oo
g04oo,children,526.1514648260535,1673.0738302053142,oo
g05oo,children,549.8449109297261,1692.6220399845802,oo
g06oo,children,688.6224964591504,1886.8989156108662,oo
g07oo,children,456.1942762954451,1522.8963009512024,oo
g08oo,children,551.3385189300914,1695.210902144008,oo
g09oo,children,499.4109967860885,1536.9779802510573,oo
g10oo,children,553.1790838911559,1310.1879648809665,oo
g11oo,children,470.01499683728525,1209.6803702342781,oo
g12oo,children,489.95386230542925,1541.203944750062,oo
g13oo,children,451.0927013596109,1384.9945781628587,oo
g14oo,children,395.4800570378006,1813.7509658265674,oo
g15oo,children,554.4038172057726,1538.191818350459,oo
g17oo,children,510.6952352488154,1672.376171207935,oo
g18oo,children,546.8171617407787,1467.136937922216,oo
g19oo,children,524.8205134482768,1218.1670598602952,oo
g20oo,children,473.1392396309919,1381.907272941081,oo
g21oo,children,455.86294522595534,1267.2409649124838,oo
m01uh,men,892.2646306584475,1659.9949224361976,uh
m02uh,men,816.4459363265273,1296.591270348451,uh
m03uh,men,768.6120633471717,1346.5983155990848,uh
m04uh,men,744.9547469504289,1192.9243406158546,uh
m06uh,men,751.6597534482631,1397.6286479903376,uh
m07uh,men,705.1271847167823,1272.1226597309433,uh
m08uh,men,739.3605956702571,1391.0189802818368,uh
m09uh,men,707.4186266590764,1598.9626644353305,uh
m10uh,men,799.8939571188859,1521.1568321687744,uh
m11uh,men,718.0342323372814,1458.790055135983,uh
m13uh,men,790.5329062610336,1420.700253046919,uh
m14uh,men,720.5772432586324,1300.237034214992,uh
m16uh,men,782.844229582968,1534.0667161882018,uh
m17uh,men,722.0692671359939,1305.6760586666362,uh
m18uh,men,723.1901664635418,1402.8335223751187,uh
m19uh,men,786.5024824770302,1606.1605009831162,uh
m20uh,men,823.7450226644852,1595.3255412907688,uh
m21uh,men,731.1350718840993,1561.3659937077043,uh
m22uh,men,720.5282966416069,1356.5822118366123,uh
m23uh,men,705.299505632364,1241.356235274448,uh
m24uh,men,761.3062233666034,1515.5057927708533,uh
m25uh,men,683.5825228607569,1388.0547150130935,uh
m26uh,men,799.4167773916762,1658.8050551836675,uh
m27uh,men,779.6449151830709,1398.8529872413083,uh
m28uh,men,814.3691097089128,1453.0041724391701,uh
m29uh,men,808.4928386330556,1555.152278726032,uh
m30uh,men,649.4872765276906,1305.9664227338485,uh
m31uh,men,706.5325447387629,1380.341822803522,uh
m32uh,men,704.3724558919904,1215.34027081197,uh
m33uh,men,671.8094964845344,1313.7184424064926,uh
m34uh,men,690.2585307370247,1367.5353359697147,uh
m35uh,men,711.3891576463601,1721.5598025263723,uh
m36uh,men,803.3764718391265,1727.9773143022544,uh
m37uh,men,742.4715480877264,1367.0200813236793,uh
m38uh,men,685.0880857655042,1358.0606265682723,uh
m39uh,men,739.0934014827542,1498.9639391244245,uh
m40uh,men,620.175422192025,1335.5158438320577,uh
m41uh,men,766.6157719435574,1458.2039823344112,uh
m42uh,men,735.2377437763273,1451.1723883425998,uh
m44uh,men,911.1439741222605,1633.6228602362285,uh
m45uh,men,728.4221203772125,1217.273140214055,uh
m47uh,men,672.3082516822104,1244.454422211,uh
m48uh,men,607.8840357970939,1207.1108614955538,uh
m49uh,men,752.1012494183996,1448.3427790156074,uh
m50uh,men,742.946866111999,1455.15288444844,uh
w01uh,women,744.1430585086363,1391.1056848188682,uh
w02uh,women,798.3387602523761,1493.7953778612955,uh
w03uh,women,881.479090319497,1469.699574640768,uh
w04uh,women,701.9032945860604,1507.693800299054,uh
w05uh,women,689.7185497638038,1235.3508116052508,uh
w06uh,women,895.7316382777574,1604.3921347306386,uh
w07uh,women,816.6884249359325,1284.957794872824,uh
w08uh,women,811.9140095879525,1595.3130965940302,uh
w09uh,women,861.6933527788938,1451.4101088451537,uh
w10uh,women,724.9545179860869,1529.4954606951005,uh
w11uh,women,829.5023574858079,1741.998487959907,uh
w12uh,women,826.1388333154464,1647.1588051655106,uh
w13uh,women,812.2000810069965,1474.9323406807575,uh
w14uh,women,728.9451367369035,1481.1037939647051,uh
w15uh,women,722.5289875474002,1357.095968461975,uh
w16uh,women,778.939436968359,1309.291265968732,uh
w17uh,women,756.7066436189592,1323.3415294017586,uh
w19uh,women,854.2958459117978,1526.5556053523408,uh
w20uh,women,689.4546369337016,1183.7514777099623,uh
w21uh,women,761.1619178407519,1396.1325265349187,uh
w22uh,women,740.0807245400613,1311.447469166189,uh
w23uh,women,689.5616024683412,1244.6740676914458,uh
w24uh,women,807.4967327656515,1428.588417058112,uh
w25uh,women,782.4634570114382,1227.3444352304725,uh
w26uh,women,719.6110784216953,1415.872522270424,uh
w27uh,women,929.0389798382466,1685.0176977429383,uh
w28uh,women,704.1924847785112,1562.0833394122972,uh
w29uh,women,907.9625151572845,1625.4061103205738,uh
w30uh,women,888.5030912886054,1638.751344225431,uh
w31uh,women,743.3985222844354,1564.8432864613176,uh
w32uh,women,628.2228911293043,1072.8322854463495,uh
w33uh,women,866.5021069550119,1516.070279194247,uh
w34uh,women,890.5897480553107,1472.2813009875558,uh
w35uh,women,763.0220758684535,1508.3961789983273,uh
w36uh,women,714.8459263499749,1284.350218136087,uh
w37uh,women,781.6341979890178,1450.9221101396324,uh
w38uh,women,794.7106668002264,1473.5906195283421,uh
w39uh,women,743.9692213144643,1342.5840352497753,uh
w40uh,women,760.0911571423658,1290.5991123610354,uh
w41uh,women,776.8165720810863,1359.1809773746847,uh
w42uh,women,843.5968844644237,1517.589910125139,uh
w44uh,women,742.5495812493486,1291.803466874184,uh
w45uh,women,858.7885318692846,1526.6111194768625,uh
w46uh,women,685.5309238246136,1256.5369145113789,uh
w47uh,women,732.0745099912727,1344.484564658975,uh
w48uh,women,787.8557975451799,1484.376174339526,uh
w49uh,women,737.8001248520279,1330.5017958096826,uh
w50uh,women,855.9663961100683,1524.4567769270543,uh
b01uh,children,608.3050490732143,1308.7303283786407,uh
b02uh,children,678.1895609731606,1454.0843361725692,uh
b03uh,children,691.3956664652293,1385.9744752322379,uh
b04uh,children,614.1209735681539,1379.5414376631222,uh
b05uh,children,557.0231774613355,1531.637615359693,uh
b07uh,children,795.7896670627856,1393.952713967515,uh
b08uh,children,633.4689162510634,1091.542361328933,uh
b09uh,children,554.8713806026897,1058.1785486820515,uh
b10uh,children,589.306783299212,1383.6699839137914,uh
b11uh,children,891.2521685942603,1628.66752723161,uh
b12uh,children,613.3806534676294,1213.6163374197015,uh
b13uh,children,890.1414964527376,2304.5212973968814,uh
b14uh,children,571.1518629270846,1026.2077780027391,uh
b15uh,children,571.6719851840844,1512.8929167239064,uh
b16uh,children,573.677114710564,1089.6908630784674,uh
b17uh,children,647.4642010949065,1150.8828242546829,uh
b18uh,children,735.6622002960422,1359.245113105089,uh
b19uh,children,635.4945011454748,1404.521208041114,uh
b21uh,children,638.9627043815318,1934.3852879805668,uh
b22uh,children,681.3219040107211,1503.345662532816,uh
b23uh,children,704.2602297965865,1225.133223523981,uh
b24uh,children,616.8690766551496,1212.3051157826005,uh
b25uh,children,550.6072990558391,1120.542656374464,uh
b26uh,children,545.0362614491822,1246.0242627005994,uh
b27uh,children,717.8675431977754,1271.303148949021,uh
b28uh,children,543.6633858729648,1321.9818199112392,uh
b29uh,children,713.6979917202997,1121.832704220057,uh
g01uh,children,714.6176561358393,1586.3472925603598,uh
g02uh,children,738.3947885753529,1347.4807135390363,uh
g04uh,children,655.3088200883933,1376.1351922873894,uh
g05uh,children,726.5584381450417,1413.0105531367562,uh
g06uh,children,724.6374514671571,1209.8537505115976,uh
g07uh,children,641.1929474865775,1500.136852480392,uh
g08uh,children,603.9532834299736,1431.4688896004573,uh
g09uh,children,636.1229971447199,1371.449917679002,uh
g10uh,children,802.9728651479494,1696.275428881983,uh
g11uh,children,555.0541352144688,1253.1678961546588,uh
g12uh,children,685.6533404039635,1498.1777029471712,uh
g13uh,children,606.815829542077,1203.4972110919714,uh
g14uh,children,544.2687460962684,1298.505907340147,uh
g15uh,children,693.7689548529036,1555.0850857255234,uh
g17uh,children,732.5813517620882,1709.6311709987847,uh
g18uh,children,528.2193390378678,1396.6839110458004,uh
g19uh,children,718.8008571410078,1375.8535250287491,uh
g20uh,children,725.7631116310708,1126.3672389567253,uh
g21uh,children,637.2858873114108,1596.7306994556586,uh
m01uw,men,502.0211241765257,1244.2256602343973,uw
m02uw,men,419.1592666435005,1173.7196382996042,uw
m03uw,men,495.29887007928795,1249.6790517154113,uw
m04uw,men,452.3557026731094,1370.3331404286885,uw
m06uw,men,442.4630674249353,1130.3603909527164,uw
m07uw,men,379.48089129032877,1114.5014444096416,uw
m08uw,men,461.48698577604347,1277.162143397584,uw
m09uw,men,463.10150503702295,1478.8189611491564,uw
m10uw,men,450.43710349460383,1412.724332719101,uw
m11uw,men,405.8681012230276,1103.2742618363827,uw
m13uw,men,468.479559258882,986.4438685602597,uw
m14uw,men,456.737656741396,1305.1058115501241,uw
m16uw,men,524.4369217291013,1309.6069958367475,uw
m17uw,men,374.07935949632184,944.3494811753649,uw
m18uw,men,502.66114403695343,1262.7247503590318,uw
m19uw,men,563.6444708089924,1425.6897947792006,uw
m20uw,men,497.168341622512,1200.312274327066,uw
m21uw,men,457.15753175169004,1245.752096539995,uw
m22uw,men,446.25670714241096,1244.553664022885,uw
m23uw,men,454.5360890652454,1069.4729380737735,uw
m24uw,men,517.6923048564537,1335.2159488838422,uw
m25uw,men,433.2862094608422,1150.7599727214854,uw
m26uw,men,515.7124537617148,1298.07479780518,uw
m27uw,men,442.6008306324898,1162.2938021490547,uw
m28uw,men,483.78267526672977,1135.9078820118825,uw
m29uw,men,521.8492700202396,1240.757594159073,uw
m30uw,men,382.24965408201166,1006.8427102780391,uw
m31uw,men,427.86593715325137,1182.9328272037726,uw
m32uw,men,456.20910451930536,897.0786580277445,uw
m33uw,men,436.00212327018477,1079.8384842925827,uw
m34uw,men,465.05816014952387,1213.4468270421337,uw
m35uw,men,458.8931927780607,1470.7195240274475,uw
m36uw,men,538.8328836313422,1303.4984445789696,uw
m37uw,men,523.3204965901917,1062.8594513840392,uw
m38uw,men,456.51241389696713,1245.0205409033472,uw
m39uw,men,471.1546281265807,1153.0755947187552,uw
m40uw,men,343.98529236003594,933.615460689162,uw
m41uw,men,527.2173593744866,1344.201896925142,uw
m42uw,men,510.0104358765267,1284.7273192340735,uw
m44uw,men,519.7332888404716,1410.8750459510977,uw
m45uw,men,482.36218975710267,960.5134885316745,uw
m47uw,men,488.3264275044043,1418.6885670612762,uw
m48uw,men,393.5964552964509,914.9537179240691,uw
m49uw,men,454.7419394841045,1060.7211884734425,uw
m50uw,men,488.4517527403053,1222.2270002161072,uw
w01uw,women,462.70972555717793,981.6161388215792,uw
w02uw,women,422.2468626249575,1393.9445696300907,uw
w03uw,women,478.2474501389674,975.8806309924696,uw
w04uw,women,412.82736515982896,1324.5628662735703,uw
w05uw,women,443.86425021297384,934.058440857084,uw
w06uw,women,483.7755789465151,1211.6709883481174,uw
w07uw,women,411.1601041525555,1017.0998587872298,uw
w08uw,women,515.9925043725872,1528.9273957831674,uw
w09uw,women,519.9995801677007,1135.9961915563042,uw
w10uw,women,500.6612966074242,1181.7642889245858,uw
w11uw,women,510.83300810695425,1775.36649370408,uw
w12uw,women,482.26085248016915,1003.0377859695517,uw
w13uw,women,513.7421889222919,1297.3330141981216,uw
w14uw,women,457.0490131596722,1108.0001681391502,uw
w15uw,women,476.8786104863529,883.1025097988828,uw
w16uw,women,434.39778075460947,1098.2669734170656,uw
w17uw,women,454.54150138704796,988.6762626585878,uw
w19uw,women,516.1985464837854,1031.3591878776456,uw
w20uw,women,407.48049322323914,935.212328367821,uw
w21uw,women,493.90320224981144,1282.3675386443251,uw
w22uw,women,380.8409198687755,949.4756706053821,uw
w23uw,women,422.7254295098143,1020.044443084059,uw
w24uw,women,533.0016637119536,1076.8634469773147,uw
w25uw,women,452.9694228278775,1351.1517345075981,uw
w26uw,women,450.0327248184916,1012.0890500648877,uw
w27uw,women,579.7292823678487,1192.4050919589595,uw
w28uw,women,514.0147703472518,1077.7620142350584,uw
w29uw,women,486.93581726136574,985.3736125756794,uw
w30uw,women,563.9949637757011,1152.641830390649,uw
w31uw,women,493.35588752999763,1144.9497653669866,uw
w32uw,women,433.64555271135237,1078.5771370031596,uw
w33uw,women,539.420113350334,1121.9998389054508,uw
w34uw,women,495.20401802752366,997.2151158352989,uw
w35uw,women,484.527341081213,1538.5496577585748,uw
w36uw,women,440.94229130749255,1592.842996509103,uw
w37uw,women,429.0413363958249,1138.340720425636,uw
w38uw,women,500.5253361355881,1042.9414699654953,uw
w39uw,women,428.34276156935476,908.7132008489687,uw
w40uw,women,464.3344190190603,1124.0479739879563,uw
w41uw,women,448.20603586155596,943.6080492153494,uw
w42uw,women,527.5716741799844,1095.9594740126715,uw
w44uw,women,476.7074884665509,1052.0857115497047,uw
w45uw,women,451.0109527204578,1102.7302404167106,uw
w46uw,women,365.84975493176614,1292.3266786967683,uw
w47uw,women,478.3206215000993,994.4831460031077,uw
w48uw,women,508.89739442968005,1186.020501180707,uw
w49uw,women,425.1220058717167,956.4693120963744,uw
w50uw,women,524.3811192182721,1427.2519745368181,uw
b01uw,children,445.58697411407564,1390.7910983535205,uw
b02uw,children,457.0422650064442,1955.6646355624316,uw
b03uw,children,412.8255146585814,1923.9137831950293,uw
b04uw,children,447.53242658242334,2718.5797390265548,uw
b05uw,children,386.74429358827695,1874.9891455937461,uw
b07uw,children,661.174029196657,1795.0940830538518,uw
b08uw,children,349.32438463334825,1236.0744943958118,uw
b09uw,children,390.694836737044,1221.126456429282,uw
b10uw,children,406.05032924532395,1849.919248625819,uw
b11uw,children,393.91415716597095,2014.074727696368,uw
b12uw,children,387.96576587811506,1145.567226792989,uw
b13uw,children,384.796233210434,2133.2452044829174,uw
b14uw,children,329.87492387393235,1675.5192479414848,uw
b15uw,children,446.43226921188983,1334.4098117320477,uw
b16uw,children,395.2701304044464,1928.3061261354567,uw
b17uw,children,432.2772070767186,1423.303865350294,uw
b18uw,children,577.5103907991873,2441.685726180564,uw
b19uw,children,444.6240984058685,877.6179574472185,uw
b21uw,children,439.5323154668987,2453.755152433684,uw
b22uw,children,413.9537772482494,2075.201975398037,uw
b23uw,children,458.7028980526204,1488.8250685635537,uw
b24uw,children,356.1913657507476,1516.0986546598647,uw
b25uw,children,329.23510773705937,1554.2332392604408,uw
b26uw,children,372.1640447403377,2215.2442200262635,uw
b27uw,children,426.06891399739254,2317.9633880347965,uw
b28uw,children,325.8677856899184,1530.6210726127179,uw
b29uw,children,390.5722313862377,1436.2021166479637,uw
g01uw,children,461.14301844314474,1922.7605284009019,uw
g02uw,children,370.05825797274855,934.2878887361524,uw
g04uw,children,447.73730762156725,1649.4718247018777,uw
g05uw,children,367.7907197619699,1481.6146183101691,uw
g06uw,children,491.76806882639767,1337.4571619063624,uw
g07uw,children,484.8995806554829,2050.2921341996403,uw
g08uw,children,405.95310000157735,1399.4998381503708,uw
g09uw,children,521.6082520090351,1344.6479034857996,uw
g10uw,children,409.7945519181535,1305.6725697197262,uw
g11uw,children,368.6823016920471,1738.535979116421,uw
g12uw,children,516.8996967491028,1863.2524724045036,uw
g13uw,children,427.7398866317304,2651.577888697697,uw
g14uw,children,406.0086939207468,994.9632643207925,uw
g15uw,children,413.18624248121927,1791.2347014437796,uw
g17uw,children,431.227276142848,2032.5961497796907,uw
g18uw,children,394.51142502435147,1524.243265755156,uw
g19uw,children,398.53402611107595,1127.0733454280391,uw
g20uw,children,414.5195782038662,1588.554352873675,uw
g21uw,children,361.6310085200862,1269.411547575773,uw
